�������n��,,,,,,,,,,,,,,,,<�Q�l>,,,,,,,,,,,,,(�P��:2015��N�A�����i�A10���~),,,
"Real, Original Series",,,,,,,,,,,,,,,,<cf>,,,,,,,,,,,,,(Billions of Chained (2015) Yen),,,
,���������Y(�x�o��),���ԍŏI����x�o,,,���ԏZ��,���Ԋ�Ɛݔ�,���ԍ݌ɕϓ�,���{�ŏI����x�o,���I�Œ莑�{�`��,���I�݌ɕϓ�,���݁E�T�[�r�X,,,�J��,,���՗���,����������,�C�O����̏���,,,����������,,�������v,���Ԏ��v,���I���v,,���Œ莑�{�`��,,�ŏI���v,,,
,,,�ƌv�ŏI����x�o,,,,,,,,���A�o,�A�o,�A��,,,,,�����,���,�x��,,,,,,,,,,,,
,,,,���������Ƃ̋A���ƒ�,,,,,,,,,,,,,,,,,,,,,,,,,,,,
,GDP(Expenditure Approach),PrivateConsumption,Consumption ofHouseholds,ExcludingImputed Rent,PrivateResidentialInvestment,Private Non-Resi.Investment,Changein PrivateInventories,GovernmentConsumption,PublicInvestment,Changein PublicInventories,Goods & Services,,,Residual,,TradingGains/Losses,GDI,Income from /to the Rest of the World,,,GNI,,DomesticDemand,PrivateDemand,PublicDemand,,Gross Fixed CapitalFormation,,Final Sales of Domestic Product,,,
,,,,,,,,,,,Net Exports,Exports,Imports,,,,,Net,Receipt,Payment,,,,,,,,,,,,
1994/ 1- 3.,"109,110.5 ","60,871.5 ","60,338.1 ","51,586.2 ","7,202.8 ","17,679.8 ","-2,160.3 ","17,899.4 ","12,403.6 ",-120.0 ,"-1,923.5 ","9,315.8 ","11,239.4 ","-2,742.6 ",,"4,746.4 ","113,856.9 ","1,141.7 ","4,062.7 ","2,921.0 ","114,998.6 ",,"113,023.7 ","83,458.3 ","29,655.3 ",,"36,497.9 ",,"111,128.4 ",,,
4- 6.,"107,765.6 ","60,916.7 ","59,848.9 ","51,056.1 ","7,530.6 ","15,384.3 ",755.0 ,"18,159.5 ","9,851.6 ",39.3 ,"-2,153.8 ","9,298.0 ","11,451.8 ","-2,717.7 ",,"4,564.3 ","112,329.9 ","1,102.3 ","3,528.6 ","2,426.4 ","113,432.2 ",,"111,770.9 ","84,138.8 ","27,625.9 ",,"32,018.9 ",,"106,913.9 ",,,
7- 9.,"112,077.8 ","63,382.5 ","62,287.6 ","53,411.9 ","8,709.0 ","16,712.2 ",-462.0 ,"17,979.2 ","10,801.3 ",143.4 ,"-2,339.5 ","9,671.4 ","12,011.0 ","-2,848.2 ",,"4,629.9 ","116,707.7 ",866.0 ,"3,724.4 ","2,858.4 ","117,573.7 ",,"116,312.6 ","87,856.2 ","28,432.7 ",,"35,328.6 ",,"112,292.3 ",,,
10-12.,"117,568.4 ","64,241.5 ","62,963.1 ","54,032.6 ","8,290.9 ","16,557.7 ","1,779.4 ","18,298.5 ","13,566.7 ",391.5 ,"-2,202.7 ","10,027.9 ","12,230.7 ","-3,354.9 ",,"4,748.7 ","122,317.2 ",815.1 ,"3,443.3 ","2,628.2 ","123,132.3 ",,"121,880.2 ","90,372.2 ","31,584.0 ",,"37,251.8 ",,"115,475.8 ",,,
1995/ 1- 3.,"110,525.1 ","62,254.9 ","61,681.2 ","52,728.3 ","7,520.8 ","18,333.3 ","-2,733.4 ","18,674.5 ","11,501.4 ",13.4 ,"-2,639.9 ","9,688.1 ","12,328.0 ","-2,399.9 ",,"4,646.8 ","115,171.9 ","1,097.2 ","4,363.2 ","3,266.0 ","116,269.1 ",,"114,876.1 ","85,252.3 ","29,691.8 ",,"36,681.6 ",,"112,980.0 ",,,
4- 6.,"110,855.4 ","62,355.4 ","61,221.0 ","52,232.2 ","7,354.7 ","16,525.3 ","1,793.3 ","18,758.2 ","9,321.1 ",-64.9 ,"-2,898.0 ","9,776.8 ","12,674.8 ","-2,289.6 ",,"4,817.6 ","115,673.1 ",948.0 ,"3,609.2 ","2,661.2 ","116,621.1 ",,"115,371.6 ","87,676.3 ","27,641.2 ",,"32,635.4 ",,"109,095.9 ",,,
7- 9.,"115,234.4 ","64,829.5 ","63,678.7 ","54,615.2 ","7,706.5 ","18,331.1 ",124.5 ,"18,659.1 ","11,433.3 ",-24.8 ,"-3,565.0 ","10,076.0 ","13,641.0 ","-2,259.8 ",,"5,261.9 ","120,496.3 ","1,059.6 ","4,691.9 ","3,632.2 ","121,556.0 ",,"120,349.6 ","90,756.9 ","29,576.9 ",,"36,781.8 ",,"115,017.6 ",,,
10-12.,"121,655.3 ","66,113.7 ","64,783.8 ","55,661.1 ","7,821.3 ","18,164.7 ","2,497.8 ","19,011.5 ","14,607.3 ",224.0 ,"-4,010.9 ","10,375.0 ","14,385.9 ","-2,774.0 ",,"5,452.5 ","127,107.8 ","1,010.5 ","4,320.8 ","3,310.3 ","128,118.3 ",,"127,330.2 ","94,272.0 ","33,142.8 ",,"39,520.9 ",,"119,010.5 ",,,
1996/ 1- 3.,"114,432.1 ","63,570.6 ","62,925.4 ","53,780.3 ","7,682.9 ","19,607.3 ","-3,031.4 ","19,167.6 ","13,638.6 ",174.6 ,"-4,278.4 ","10,058.9 ","14,337.3 ","-2,099.6 ",,"5,094.1 ","119,526.2 ","1,581.7 ","3,302.2 ","1,720.5 ","121,107.9 ",,"120,005.6 ","87,797.1 ","32,338.8 ",,"40,102.9 ",,"117,019.0 ",,,
4- 6.,"114,539.9 ","63,710.7 ","62,564.0 ","53,372.9 ","8,068.7 ","17,545.5 ","2,356.6 ","19,206.8 ","10,394.7 ",-52.7 ,"-4,740.9 ","9,978.7 ","14,719.6 ","-1,949.5 ",,"4,905.3 ","119,445.2 ","1,599.5 ","2,941.8 ","1,342.4 ","121,044.7 ",,"120,466.6 ","91,300.5 ","29,132.1 ",,"35,313.8 ",,"112,247.6 ",,,
7- 9.,"118,197.7 ","65,909.9 ","64,756.5 ","55,491.4 ","8,952.8 ","19,514.9 ",-45.3 ,"18,958.6 ","11,380.4 ",-9.8 ,"-4,438.4 ","10,506.9 ","14,945.2 ","-2,025.3 ",,"4,818.4 ","123,016.1 ","1,484.5 ","2,900.5 ","1,416.0 ","124,500.7 ",,"123,916.3 ","94,033.0 ","29,841.0 ",,"39,101.0 ",,"118,125.3 ",,,
10-12.,"125,462.2 ","67,366.7 ","66,040.2 ","56,711.0 ","8,998.3 ","18,997.6 ","2,906.2 ","19,529.3 ","14,101.5 ",210.8 ,"-3,967.4 ","11,300.5 ","15,267.9 ","-2,680.9 ",,"4,692.5 ","130,154.7 ","1,334.0 ","2,610.0 ","1,276.0 ","131,488.7 ",,"130,955.3 ","97,833.6 ","33,155.2 ",,"41,013.6 ",,"122,458.8 ",,,
1997/ 1- 3.,"117,606.3 ","66,050.7 ","65,365.1 ","55,997.5 ","8,226.5 ","20,836.4 ","-3,675.9 ","19,508.7 ","12,341.1 ",56.0 ,"-3,983.6 ","11,117.6 ","15,101.2 ","-1,753.6 ",,"4,361.5 ","121,967.7 ","1,901.2 ","3,451.1 ","1,549.9 ","123,868.9 ",,"122,757.4 ","91,443.6 ","31,357.7 ",,"40,735.2 ",,"120,854.5 ",,,
4- 6.,"115,590.9 ","63,658.7 ","62,521.0 ","53,125.2 ","7,518.5 ","17,910.4 ","2,373.2 ","19,629.2 ","9,512.1 ",-63.1 ,"-3,256.0 ","11,506.5 ","14,762.5 ","-1,692.1 ",,"4,537.4 ","120,128.3 ","1,689.6 ","3,039.6 ","1,350.0 ","121,817.9 ",,"119,943.1 ","91,170.8 ","28,733.0 ",,"34,428.5 ",,"113,306.6 ",,,
7- 9.,"119,183.4 ","65,871.6 ","64,732.8 ","55,280.5 ","7,545.7 ","19,893.1 ",652.3 ,"19,271.6 ","11,038.2 ",-20.8 ,"-3,310.6 ","11,633.3 ","14,943.9 ","-1,757.7 ",,"4,681.6 ","123,865.0 ","1,486.2 ","2,933.4 ","1,447.1 ","125,351.2 ",,"123,707.8 ","93,841.0 ","29,834.6 ",,"37,956.3 ",,"118,466.9 ",,,
10-12.,"124,888.9 ","66,421.6 ","65,115.1 ","55,618.5 ","7,127.6 ","19,740.2 ","3,296.7 ","19,663.5 ","13,269.7 ",228.9 ,"-2,539.6 ","12,226.0 ","14,765.6 ","-2,319.7 ",,"4,784.0 ","129,672.9 ","1,493.4 ","2,941.7 ","1,448.3 ","131,166.3 ",,"128,908.7 ","96,409.4 ","32,527.6 ",,"39,426.7 ",,"121,519.6 ",,,
1998/ 1- 3.,"115,554.1 ","64,187.6 ","63,493.5 ","53,967.9 ","6,559.5 ","21,204.4 ","-2,862.8 ","19,604.7 ","11,231.1 ",89.3 ,"-2,983.7 ","11,379.5 ","14,363.2 ","-1,476.1 ",,"4,824.4 ","120,378.5 ","1,920.3 ","3,474.7 ","1,554.4 ","122,298.8 ",,"119,740.1 ","89,328.7 ","30,446.7 ",,"38,640.8 ",,"117,984.4 ",,,
4- 6.,"114,276.2 ","63,602.1 ","62,270.6 ","52,709.3 ","6,496.9 ","17,815.4 ","2,304.9 ","19,846.0 ","8,516.8 ",-17.9 ,"-2,553.2 ","11,083.3 ","13,636.5 ","-1,734.9 ",,"4,871.2 ","119,147.4 ","1,367.7 ","2,899.3 ","1,531.6 ","120,515.1 ",,"118,152.0 ","90,040.9 ","28,061.9 ",,"32,516.6 ",,"112,031.0 ",,,
7- 9.,"117,462.3 ","65,996.0 ","64,674.3 ","55,055.9 ","6,770.2 ","19,720.0 ",-634.4 ,"19,608.6 ","10,242.6 ",-71.3 ,"-2,410.0 ","11,409.6 ","13,819.7 ","-1,759.4 ",,"4,877.4 ","122,339.6 ","1,617.0 ","2,985.1 ","1,368.2 ","123,956.6 ",,"121,270.3 ","91,855.1 ","29,390.2 ",,"36,351.7 ",,"117,973.7 ",,,
10-12.,"123,914.1 ","66,522.2 ","65,030.7 ","55,367.4 ","6,497.9 ","18,584.0 ","2,987.3 ","20,030.2 ","14,260.2 ",-93.2 ,"-2,216.2 ","11,484.4 ","13,700.6 ","-2,658.4 ",,"4,866.0 ","128,780.1 ","1,230.5 ","2,236.0 ","1,005.4 ","130,010.6 ",,"127,859.9 ","94,389.5 ","33,554.5 ",,"38,523.2 ",,"121,109.8 ",,,
1999/ 1- 3.,"114,854.9 ","64,825.3 ","63,935.1 ","54,224.8 ","6,088.3 ","19,861.2 ","-4,721.8 ","20,209.8 ","13,007.0 ",17.7 ,"-2,807.1 ","11,014.3 ","13,821.5 ","-1,625.5 ",,"5,024.9 ","119,879.8 ","1,517.0 ","2,745.9 ","1,229.0 ","121,396.8 ",,"118,968.5 ","86,462.7 ","32,651.5 ",,"38,392.5 ",,"118,923.2 ",,,
4- 6.,"114,143.0 ","64,285.4 ","62,861.8 ","53,091.5 ","6,557.4 ","16,751.3 ","1,115.4 ","20,516.3 ","9,686.8 ",-48.8 ,"-2,931.2 ","11,053.5 ","13,984.7 ","-1,789.5 ",,"4,961.8 ","119,104.8 ","1,506.2 ","2,513.5 ","1,007.3 ","120,611.0 ",,"118,309.3 ","88,510.8 ","29,823.8 ",,"32,487.1 ",,"113,033.9 ",,,
7- 9.,"117,744.7 ","66,619.8 ","65,182.0 ","55,341.4 ","7,055.3 ","18,727.5 ","-1,460.2 ","20,404.3 ","10,792.3 ",-41.2 ,"-2,699.5 ","11,836.7 ","14,536.2 ","-1,653.6 ",,"4,881.8 ","122,626.5 ","1,626.7 ","2,524.8 ",898.1 ,"124,253.2 ",,"121,641.3 ","90,933.3 ","30,738.7 ",,"36,039.5 ",,"118,951.0 ",,,
10-12.,"122,890.5 ","67,356.7 ","65,792.6 ","55,889.3 ","6,630.3 ","18,235.5 ","1,543.6 ","20,753.5 ","13,441.2 ",-74.6 ,"-2,873.3 ","12,359.8 ","15,233.1 ","-2,122.4 ",,"4,948.1 ","127,838.5 ","1,411.0 ","2,239.3 ",828.3 ,"129,249.5 ",,"127,002.7 ","93,575.9 ","33,525.2 ",,"37,523.2 ",,"121,430.8 ",,,
2000/ 1- 3.,"118,542.0 ","66,229.7 ","65,216.7 ","55,259.4 ","6,337.1 ","21,051.6 ","-4,332.7 ","20,992.7 ","11,815.1 ",98.1 ,"-2,359.1 ","12,500.8 ","14,859.9 ","-1,290.5 ",,"4,564.8 ","123,106.8 ","1,872.7 ","2,935.1 ","1,062.4 ","124,979.5 ",,"122,024.1 ","89,728.1 ","32,401.2 ",,"38,804.9 ",,"122,159.5 ",,,
4- 6.,"117,401.4 ","65,186.1 ","63,944.9 ","53,929.1 ","6,568.6 ","17,065.8 ","2,478.3 ","21,349.9 ","8,781.0 ",-24.2 ,"-2,532.8 ","12,840.8 ","15,373.6 ","-1,471.3 ",,"4,761.2 ","122,162.6 ","1,842.6 ","2,792.5 ",949.9 ,"124,005.2 ",,"120,838.5 ","90,969.4 ","29,854.4 ",,"32,019.8 ",,"115,102.5 ",,,
7- 9.,"120,531.7 ","67,162.4 ","65,869.5 ","55,784.2 ","6,876.2 ","20,079.6 ",-874.9 ,"21,164.2 ","9,877.6 ",-41.9 ,"-2,539.2 ","13,380.0 ","15,919.2 ","-1,172.5 ",,"4,758.0 ","125,289.7 ","1,984.1 ","2,911.4 ",927.2 ,"127,273.8 ",,"123,952.7 ","93,272.6 ","30,668.1 ",,"36,503.6 ",,"121,206.6 ",,,
10-12.,"126,141.8 ","68,560.6 ","67,178.7 ","57,025.0 ","6,882.2 ","19,807.2 ","2,471.8 ","21,550.4 ","11,880.1 ",-17.1 ,"-3,360.5 ","13,567.9 ","16,928.4 ","-1,633.0 ",,"4,754.5 ","130,896.4 ","1,599.8 ","2,595.5 ",995.6 ,"132,496.2 ",,"130,368.8 ","97,455.3 ","32,938.2 ",,"38,023.0 ",,"123,837.2 ",,,
2001/ 1- 3.,"121,548.2 ","67,409.2 ","66,544.2 ","56,336.9 ","6,507.4 ","22,356.4 ","-3,418.2 ","21,587.7 ","11,854.5 ",60.1 ,"-3,832.5 ","12,614.6 ","16,447.1 ",-976.4 ,,"4,839.6 ","126,387.8 ","2,352.7 ","3,387.0 ","1,034.4 ","128,740.5 ",,"126,183.2 ","93,241.3 ","33,021.4 ",,"40,376.3 ",,"124,389.6 ",,,
4- 6.,"118,633.4 ","67,176.6 ","65,874.9 ","55,610.8 ","6,190.9 ","17,701.2 ","2,777.6 ","21,858.7 ","8,218.9 ",-79.2 ,"-3,980.8 ","12,079.0 ","16,059.8 ","-1,230.5 ",,"4,505.7 ","123,139.1 ","1,813.9 ","2,893.5 ","1,079.6 ","124,953.1 ",,"123,397.8 ","93,556.5 ","29,799.6 ",,"31,847.6 ",,"116,111.3 ",,,
7- 9.,"120,260.1 ","68,748.6 ","67,374.6 ","57,047.1 ","6,587.9 ","19,884.1 ","-1,128.0 ","21,563.7 ","9,421.1 ",-84.2 ,"-3,579.3 ","12,062.8 ","15,642.0 ","-1,153.8 ",,"4,423.6 ","124,683.7 ","2,010.5 ","2,949.5 ",939.0 ,"126,694.2 ",,"124,809.5 ","94,179.1 ","30,609.1 ",,"35,618.9 ",,"121,193.5 ",,,
10-12.,"124,038.5 ","69,282.4 ","67,820.3 ","57,433.8 ","6,512.2 ","18,251.8 ","2,048.3 ","22,074.3 ","11,331.1 ",-18.7 ,"-3,601.3 ","12,064.5 ","15,665.8 ","-1,841.6 ",,"4,652.6 ","128,691.1 ","1,700.8 ","2,519.6 ",818.9 ,"130,391.9 ",,"128,771.1 ","95,856.4 ","32,955.3 ",,"35,547.3 ",,"122,108.8 ",,,
2002/ 1- 3.,"119,181.4 ","68,286.0 ","67,289.6 ","56,851.0 ","6,086.9 ","20,392.2 ","-4,804.0 ","22,115.3 ","11,167.3 ",26.7 ,"-3,059.5 ","12,199.0 ","15,258.5 ","-1,029.5 ",,"4,741.7 ","123,923.1 ","2,348.2 ","3,058.0 ",709.8 ,"126,271.4 ",,"123,249.2 ","90,443.0 ","32,881.7 ",,"37,282.7 ",,"123,241.7 ",,,
4- 6.,"118,296.0 ","68,035.2 ","66,807.0 ","56,311.7 ","6,117.2 ","16,307.3 ","1,562.0 ","22,243.6 ","7,880.7 ",-18.5 ,"-2,682.6 ","13,026.1 ","15,708.7 ","-1,148.9 ",,"4,687.0 ","122,983.0 ","1,658.3 ","2,552.7 ",894.4 ,"124,641.3 ",,"121,798.2 ","91,821.8 ","29,971.4 ",,"29,995.9 ",,"116,808.0 ",,,
7- 9.,"121,387.9 ","69,645.7 ","68,317.6 ","57,766.1 ","6,561.9 ","18,961.1 ",-880.2 ,"22,087.4 ","8,980.8 ",-27.7 ,"-2,955.3 ","13,332.9 ","16,288.2 ",-985.8 ,,"4,683.8 ","126,071.7 ","1,947.1 ","2,759.9 ",812.8 ,"128,018.8 ",,"125,143.5 ","94,334.3 ","30,802.8 ",,"34,213.4 ",,"122,052.5 ",,,
10-12.,"125,818.2 ","70,163.2 ","68,737.0 ","58,129.7 ","6,391.1 ","18,177.1 ","2,347.5 ","22,299.0 ","10,886.3 ",-71.3 ,"-2,945.8 ","14,115.9 ","17,061.7 ","-1,428.8 ",,"4,756.4 ","130,574.6 ","1,446.6 ","2,259.0 ",812.4 ,"132,021.2 ",,"129,535.6 ","96,837.7 ","32,716.2 ",,"34,964.1 ",,"123,682.7 ",,,
2003/ 1- 3.,"121,043.5 ","69,008.6 ","68,050.2 ","57,392.9 ","5,979.1 ","20,482.4 ","-3,964.0 ","22,471.9 ","10,455.0 ",24.8 ,"-2,741.1 ","13,844.0 ","16,585.1 ",-673.4 ,,"4,423.8 ","125,467.2 ","2,276.6 ","2,970.5 ",693.9 ,"127,743.8 ",,"124,473.3 ","91,929.1 ","32,585.8 ",,"36,627.4 ",,"124,355.7 ",,,
4- 6.,"119,975.9 ","68,158.9 ","66,835.5 ","56,120.3 ","6,001.0 ","16,988.5 ","1,912.1 ","22,685.4 ","7,490.5 ",13.0 ,"-2,221.7 ","13,800.2 ","16,021.9 ","-1,051.8 ",,"4,527.2 ","124,503.2 ","1,787.4 ","2,627.6 ",840.2 ,"126,290.5 ",,"122,980.2 ","92,864.6 ","30,116.4 ",,"30,252.7 ",,"118,163.7 ",,,
7- 9.,"122,907.6 ","69,516.9 ","68,088.9 ","57,305.7 ","6,605.6 ","18,984.9 ",75.3 ,"22,444.2 ","8,298.0 ",-27.8 ,"-2,023.5 ","14,478.5 ","16,502.0 ",-966.0 ,,"4,538.4 ","127,446.0 ","2,479.8 ","3,134.0 ",654.2 ,"129,925.8 ",,"125,698.4 ","95,134.4 ","30,561.0 ",,"33,651.0 ",,"122,732.6 ",,,
10-12.,"128,197.1 ","71,196.6 ","69,656.7 ","58,843.0 ","6,456.6 ","18,993.2 ","1,897.1 ","22,799.9 ","9,982.3 ",-134.7 ,"-1,767.7 ","15,623.3 ","17,391.0 ","-1,226.3 ",,"4,634.0 ","132,831.1 ","1,749.2 ","2,427.5 ",678.3 ,"134,580.2 ",,"130,702.2 ","98,355.7 ","32,354.8 ",,"35,064.6 ",,"126,511.2 ",,,
2004/ 1- 3.,"124,842.2 ","69,966.7 ","68,899.8 ","58,028.0 ","6,123.7 ","21,229.1 ","-2,947.2 ","22,976.3 ","9,642.7 ",-47.1 ,"-1,477.2 ","15,855.5 ","17,332.7 ",-624.7 ,,"4,544.0 ","129,386.2 ","2,744.8 ","3,320.2 ",575.4 ,"132,131.0 ",,"126,935.8 ","94,654.7 ","32,306.7 ",,"36,786.3 ",,"127,356.9 ",,,
4- 6.,"122,558.6 ","69,090.3 ","67,775.4 ","56,863.4 ","6,213.8 ","17,403.5 ","2,241.5 ","22,863.0 ","6,704.6 ",10.4 ,"-1,296.9 ","16,274.3 ","17,571.1 ",-671.7 ,,"4,186.9 ","126,745.5 ","2,301.1 ","3,168.0 ",866.9 ,"129,046.6 ",,"124,319.5 ","94,733.9 ","29,568.6 ",,"30,155.5 ",,"120,444.5 ",,,
7- 9.,"125,923.6 ","71,022.9 ","69,601.0 ","58,649.5 ","6,740.7 ","19,865.0 ",254.1 ,"22,631.1 ","7,469.4 ",14.8 ,"-1,493.2 ","16,611.3 ","18,104.5 ",-581.2 ,,"4,166.8 ","130,090.5 ","2,779.8 ","3,465.2 ",685.4 ,"132,870.3 ",,"127,887.9 ","97,829.5 ","30,032.9 ",,"33,928.6 ",,"125,547.2 ",,,
10-12.,"129,558.0 ","71,473.5 ","69,909.3 ","58,919.3 ","6,693.5 ","19,560.6 ","2,397.3 ","22,915.5 ","9,150.9 ",6.6 ,"-1,843.4 ","17,303.5 ","19,146.9 ",-796.6 ,,"4,367.2 ","133,925.2 ","2,246.7 ","3,094.6 ",847.9 ,"136,171.8 ",,"131,762.4 ","99,903.7 ","31,850.8 ",,"35,122.3 ",,"127,282.3 ",,,
2005/ 1- 3.,"126,229.3 ","70,568.5 ","69,513.2 ","58,502.8 ","6,181.3 ","22,430.4 ","-3,174.9 ","23,212.7 ","9,232.4 ",86.3 ,"-1,868.6 ","16,594.6 ","18,463.2 ",-438.8 ,,"4,128.8 ","130,358.1 ","3,097.0 ","3,910.7 ",813.7 ,"133,455.1 ",,"128,498.3 ","96,208.1 ","32,304.2 ",,"37,705.3 ",,"128,925.1 ",,,
4- 6.,"124,613.1 ","70,100.5 ","68,767.8 ","57,718.0 ","6,091.9 ","19,191.9 ","2,160.9 ","23,075.8 ","5,884.2 ",-13.6 ,"-1,541.9 ","17,145.2 ","18,687.1 ",-336.5 ,,"3,460.1 ","128,073.3 ","2,567.8 ","3,846.9 ","1,279.1 ","130,641.1 ",,"126,448.9 ","97,412.7 ","29,001.4 ",,"31,131.2 ",,"122,546.1 ",,,
7- 9.,"128,461.4 ","72,089.4 ","70,631.1 ","59,544.2 ","6,711.3 ","21,959.9 ",-59.6 ,"22,706.9 ","6,792.3 ",3.7 ,"-1,461.6 ","17,919.1 ","19,380.7 ",-281.0 ,,"3,086.3 ","131,547.7 ","3,358.1 ","4,229.4 ",871.3 ,"134,905.8 ",,"130,201.0 ","100,685.1 ","29,473.7 ",,"35,437.2 ",,"128,378.1 ",,,
10-12.,"132,650.2 ","73,104.6 ","71,483.5 ","60,359.1 ","6,754.2 ","20,816.4 ","1,909.1 ","23,115.7 ","8,358.9 ",-24.8 ,-826.6 ,"19,087.8 ","19,914.5 ",-557.3 ,,"2,911.0 ","135,561.1 ","2,669.5 ","3,935.7 ","1,266.2 ","138,230.6 ",,"133,780.8 ","102,451.8 ","31,303.9 ",,"35,754.9 ",,"130,792.9 ",,,
2006/ 1- 3.,"129,409.4 ","72,068.9 ","70,951.1 ","59,803.4 ","6,280.2 ","23,311.6 ","-3,296.0 ","23,109.0 ","8,962.7 ",42.7 ,-787.9 ,"18,938.3 ","19,726.1 ",-281.9 ,,"2,496.6 ","131,906.0 ","4,172.8 ","5,194.3 ","1,021.5 ","136,078.8 ",,"130,440.7 ","98,505.4 ","31,924.9 ",,"38,464.8 ",,"132,339.3 ",,,
4- 6.,"126,299.0 ","70,885.7 ","69,545.4 ","58,349.8 ","6,199.0 ","19,566.7 ","1,714.7 ","23,177.6 ","5,752.8 ",-14.9 ,-851.5 ,"18,983.7 ","19,835.2 ",-131.1 ,,"2,168.4 ","128,467.4 ","3,001.8 ","4,749.7 ","1,748.0 ","131,469.1 ",,"127,285.6 ","98,287.6 ","28,967.1 ",,"31,488.0 ",,"124,602.0 ",,,
7- 9.,"128,657.4 ","71,660.7 ","70,176.0 ","58,942.5 ","6,694.0 ","21,824.0 ",-91.4 ,"22,851.7 ","6,170.1 ",4.3 ,-328.7 ,"19,651.4 ","19,980.1 ",-127.4 ,,"1,905.9 ","130,563.3 ","4,021.5 ","5,155.7 ","1,134.2 ","134,584.8 ",,"129,141.4 ","100,066.1 ","29,040.8 ",,"34,684.1 ",,"128,613.5 ",,,
10-12.,"134,613.9 ","73,901.7 ","72,229.4 ","60,965.1 ","6,673.2 ","21,475.8 ","1,894.7 ","23,179.2 ","7,913.9 ",-17.4 ,-35.6 ,"20,464.5 ","20,500.2 ",-371.5 ,,"2,262.2 ","136,876.1 ","2,967.6 ","4,712.1 ","1,744.5 ","139,843.7 ",,"134,864.0 ","103,868.2 ","30,965.6 ",,"35,950.5 ",,"132,716.7 ",,,
2007/ 1- 3.,"132,214.3 ","72,590.5 ","71,465.9 ","60,160.8 ","6,191.7 ","24,353.7 ","-2,473.2 ","23,338.5 ","8,274.0 ",2.4 ,162.8 ,"20,333.6 ","20,170.9 ",-226.1 ,,"2,278.6 ","134,493.0 ","4,980.9 ","6,258.8 ","1,277.9 ","139,473.8 ",,"132,233.9 ","100,726.5 ","31,491.2 ",,"38,807.6 ",,"134,499.8 ",,,
4- 6.,"128,525.1 ","71,769.9 ","70,480.9 ","59,129.8 ","5,990.4 ","19,809.9 ","1,887.3 ","23,521.5 ","5,336.4 ",29.6 ,187.2 ,"20,483.5 ","20,296.2 ",-7.3 ,,"1,700.5 ","130,225.6 ","3,737.4 ","5,744.7 ","2,007.3 ","133,963.0 ",,"128,428.5 ","99,437.3 ","28,955.3 ",,"31,144.6 ",,"126,553.6 ",,,
7- 9.,"130,503.9 ","72,515.7 ","71,038.2 ","59,660.8 ","5,909.4 ","21,696.4 ",145.0 ,"23,141.8 ","5,972.1 ",-2.6 ,"1,097.8 ","21,399.3 ","20,301.4 ",28.4 ,,"1,395.2 ","131,899.1 ","4,446.0 ","6,029.4 ","1,583.5 ","136,345.0 ",,"129,474.0 ","100,307.5 ","29,129.4 ",,"33,617.1 ",,"130,239.9 ",,,
10-12.,"135,437.9 ","73,819.6 ","72,197.0 ","60,797.8 ","5,286.1 ","21,038.8 ","2,406.7 ","23,689.3 ","7,700.9 ",11.2 ,"1,522.7 ","22,613.3 ","21,090.6 ",-37.4 ,,611.3 ,"136,049.2 ","3,232.0 ","5,231.2 ","1,999.1 ","139,281.3 ",,"133,960.7 ","102,609.9 ","31,326.7 ",,"33,992.0 ",,"132,957.8 ",,,
2008/ 1- 3.,"132,804.7 ","72,821.7 ","71,710.6 ","60,276.0 ","5,157.5 ","24,056.7 ","-2,519.2 ","23,704.3 ","7,922.6 ",46.6 ,"1,653.6 ","22,496.3 ","20,842.8 ",-39.1 ,,126.6 ,"132,931.3 ","4,993.9 ","6,117.1 ","1,123.2 ","137,925.2 ",,"131,174.6 ","99,563.1 ","31,598.8 ",,"37,172.3 ",,"135,189.9 ",,,
4- 6.,"128,007.9 ","70,580.3 ","69,316.3 ","57,827.0 ","5,244.6 ","19,354.9 ","2,626.4 ","23,375.0 ","5,064.8 ",-11.0 ,"1,646.9 ","21,697.9 ","20,050.9 ",125.8 ,,-982.8 ,"127,025.1 ","2,753.2 ","4,700.5 ","1,947.3 ","129,778.3 ",,"126,375.9 ","97,861.8 ","28,478.7 ",,"29,704.2 ",,"125,317.0 ",,,
7- 9.,"129,206.6 ","71,992.6 ","70,516.7 ","58,993.4 ","5,763.8 ","21,082.4 ",-301.4 ,"23,031.2 ","5,736.2 ",-31.0 ,"1,829.8 ","22,183.8 ","20,354.0 ",103.0 ,,"-1,823.2 ","127,383.4 ","3,951.3 ","5,022.1 ","1,070.8 ","131,334.7 ",,"127,352.0 ","98,569.7 ","28,747.3 ",,"32,617.6 ",,"129,434.3 ",,,
10-12.,"130,213.9 ","72,007.0 ","70,403.8 ","58,839.0 ","5,763.2 ","19,890.9 ","3,361.9 ","23,498.1 ","7,207.6 ",13.2 ,"-1,412.7 ","19,798.7 ","21,211.4 ",-115.4 ,,579.2 ,"130,793.1 ","2,292.7 ","3,775.6 ","1,482.9 ","133,085.8 ",,"131,805.7 ","101,100.8 ","30,680.0 ",,"32,809.4 ",,"126,695.4 ",,,
2009/ 1- 3.,"120,833.6 ","70,101.4 ","68,993.9 ","57,378.7 ","5,003.8 ","21,234.2 ","-3,671.7 ","23,576.5 ","7,785.0 ",-3.5 ,"-2,930.9 ","14,418.1 ","17,349.0 ",-261.1 ,,"1,909.4 ","122,742.9 ","3,540.9 ","4,359.5 ",818.6 ,"126,283.9 ",,"123,896.8 ","92,603.1 ","31,302.9 ",,"34,009.0 ",,"124,580.7 ",,,
4- 6.,"119,604.1 ","69,528.8 ","68,217.3 ","56,560.3 ","4,377.0 ","16,738.7 ",368.5 ,"23,885.8 ","5,609.4 ",4.3 ,-968.6 ,"15,458.1 ","16,426.7 ",60.3 ,,"1,578.9 ","121,183.0 ","2,971.2 ","4,292.9 ","1,321.8 ","124,154.2 ",,"120,602.9 ","91,081.6 ","29,517.8 ",,"26,721.4 ",,"119,136.8 ",,,
7- 9.,"122,185.0 ","71,808.3 ","70,250.6 ","58,572.5 ","4,360.4 ","18,003.2 ","-1,762.4 ","23,782.4 ","6,287.5 ",-22.2 ,-246.3 ,"17,304.8 ","17,551.1 ",-25.9 ,,"1,305.1 ","123,490.0 ","3,578.6 ","4,329.6 ",751.0 ,"127,068.6 ",,"122,464.7 ","92,425.0 ","30,036.5 ",,"28,652.8 ",,"123,960.2 ",,,
10-12.,"127,992.4 ","73,333.1 ","71,684.2 ","59,981.3 ","4,293.6 ","17,462.9 ",218.5 ,"24,207.7 ","7,958.8 ",11.2 ,543.8 ,"18,845.3 ","18,301.5 ",-37.2 ,,"1,251.5 ","129,243.9 ","2,416.0 ","3,445.4 ","1,029.4 ","131,659.8 ",,"127,487.3 ","95,367.8 ","32,126.6 ",,"29,658.6 ",,"127,695.6 ",,,
2010/ 1- 3.,"126,094.1 ","72,006.7 ","70,804.7 ","59,057.8 ","4,316.0 ","20,030.2 ","-3,646.5 ","23,999.3 ","8,335.7 ",38.2 ,"1,121.6 ","19,482.6 ","18,361.0 ",-106.9 ,,953.8 ,"127,047.9 ","3,959.7 ","4,692.4 ",732.7 ,"131,007.7 ",,"125,083.8 ","92,795.6 ","32,299.2 ",,"32,654.4 ",,"129,580.9 ",,,
4- 6.,"123,771.7 ","71,155.4 ","69,778.2 ","57,984.4 ","4,180.6 ","16,392.1 ","1,177.1 ","24,414.9 ","5,313.9 ",-0.2 ,"1,172.7 ","20,266.3 ","19,093.6 ",-34.8 ,,537.8 ,"124,309.5 ","3,010.4 ","4,457.6 ","1,447.2 ","127,319.9 ",,"122,669.4 ","92,893.3 ","29,773.5 ",,"25,892.2 ",,"122,640.3 ",,,
7- 9.,"129,016.1 ","74,252.0 ","72,639.4 ","60,834.8 ","4,526.6 ","18,309.0 ",475.9 ,"24,161.5 ","6,078.5 ",-59.8 ,"1,388.2 ","21,186.9 ","19,798.8 ",-115.8 ,,575.6 ,"129,591.8 ","4,022.6 ","4,806.2 ",783.6 ,"133,614.3 ",,"127,746.8 ","97,550.5 ","30,187.8 ",,"28,919.3 ",,"128,640.2 ",,,
10-12.,"131,838.1 ","73,994.1 ","72,298.7 ","60,444.4 ","4,771.7 ","17,986.8 ","2,042.6 ","24,663.4 ","7,309.2 ",-5.2 ,"1,272.2 ","21,505.0 ","20,232.8 ",-196.8 ,,486.3 ,"132,324.4 ","2,706.4 ","3,955.0 ","1,248.6 ","135,030.8 ",,"130,684.7 ","98,751.0 ","31,932.1 ",,"30,024.3 ",,"129,876.6 ",,,
2011/ 1- 3.,"127,438.7 ","71,097.0 ","69,825.7 ","57,924.2 ","4,709.0 ","21,005.7 ","-2,373.3 ","24,817.6 ","7,472.3 ",-1.3 ,839.1 ,"20,875.2 ","20,036.1 ",-127.2 ,,-283.1 ,"127,155.7 ","4,318.4 ","5,116.8 ",798.5 ,"131,474.0 ",,"126,660.5 ","94,406.3 ","32,249.9 ",,"33,187.7 ",,"129,852.9 ",,,
4- 6.,"122,702.0 ","70,463.0 ","68,914.1 ","57,016.2 ","4,413.3 ","16,640.5 ","1,475.6 ","24,890.2 ","5,189.5 ",2.5 ,-480.7 ,"19,249.5 ","19,730.2 ",108.2 ,,"-1,122.3 ","121,579.7 ","3,516.7 ","4,899.9 ","1,383.2 ","125,096.4 ",,"123,129.2 ","92,990.6 ","30,138.2 ",,"26,246.1 ",,"121,241.6 ",,,
7- 9.,"128,611.8 ","73,463.3 ","71,688.4 ","59,774.7 ","4,925.4 ","18,729.0 ",433.3 ,"24,619.3 ","5,895.8 ",-7.4 ,545.8 ,"21,301.0 ","20,755.2 ",7.3 ,,"-1,283.5 ","127,328.2 ","4,269.2 ","5,052.6 ",783.4 ,"131,597.5 ",,"128,081.2 ","97,551.4 ","30,532.2 ",,"29,554.2 ",,"128,184.3 ",,,
10-12.,"132,089.1 ","74,856.4 ","72,994.0 ","61,049.1 ","4,969.8 ","19,229.7 ","1,451.8 ","25,075.2 ","6,925.7 ",2.2 ,-486.5 ,"20,916.5 ","21,403.0 ",64.8 ,,"-1,232.0 ","130,857.1 ","2,677.6 ","3,878.1 ","1,200.5 ","133,534.7 ",,"132,516.8 ","100,526.1 ","31,992.6 ",,"31,110.3 ",,"130,618.5 ",,,
2012/ 1- 3.,"131,283.8 ","73,543.9 ","72,161.3 ","60,162.5 ","4,675.5 ","22,023.7 ","-1,673.5 ","25,383.0 ","7,581.9 ",8.4 ,-201.2 ,"21,167.5 ","21,368.7 ",-57.9 ,,"-1,393.2 ","129,890.6 ","3,993.5 ","4,781.9 ",788.4 ,"133,884.1 ",,"131,464.8 ","98,516.5 ","32,943.2 ",,"34,292.2 ",,"133,020.8 ",,,
4- 6.,"126,139.5 ","72,429.3 ","70,774.0 ","58,715.0 ","4,554.6 ","17,695.5 ","1,408.2 ","25,246.2 ","5,209.5 ",13.9 ,-511.4 ,"21,025.6 ","21,537.0 ",93.7 ,,"-1,567.8 ","124,571.7 ","3,279.5 ","4,838.6 ","1,559.1 ","127,851.2 ",,"126,649.8 ","96,124.7 ","30,527.7 ",,"27,470.4 ",,"124,684.3 ",,,
7- 9.,"128,442.3 ","74,211.6 ","72,340.4 ","60,252.7 ","4,979.5 ","19,256.0 ",351.6 ,"24,948.5 ","6,050.0 ",5.4 ,"-1,467.8 ","20,401.5 ","21,869.3 ",107.5 ,,"-1,107.7 ","127,334.5 ","4,135.8 ","4,914.0 ",778.2 ,"131,470.3 ",,"129,817.1 ","98,795.5 ","31,026.0 ",,"30,289.7 ",,"128,087.9 ",,,
10-12.,"131,998.8 ","75,575.3 ","73,596.8 ","61,474.8 ","5,247.6 ","18,995.8 ","1,112.5 ","25,497.7 ","7,157.3 ",4.8 ,"-1,749.2 ","19,867.7 ","21,617.0 ",157.1 ,,"-1,110.9 ","130,887.9 ","2,786.0 ","4,167.5 ","1,381.5 ","133,673.8 ",,"133,582.4 ","100,936.9 ","32,645.7 ",,"31,375.3 ",,"130,865.2 ",,,
2013/ 1- 3.,"131,338.8 ","75,075.6 ","73,570.0 ","61,401.0 ","5,052.5 ","21,811.2 ","-2,462.1 ","25,565.9 ","7,457.6 ",-20.6 ,"-1,204.1 ","20,209.9 ","21,414.0 ",62.8 ,,"-1,412.3 ","129,926.5 ","4,511.5 ","5,470.4 ",958.9 ,"134,438.0 ",,"132,411.7 ","99,436.1 ","32,972.4 ",,"34,327.0 ",,"133,896.4 ",,,
4- 6.,"128,463.5 ","74,363.6 ","72,704.9 ","60,480.1 ","4,837.8 ","18,114.6 ",800.3 ,"25,774.4 ","5,248.6 ",6.5 ,-778.2 ,"20,903.0 ","21,681.2 ",95.8 ,,"-1,494.9 ","126,968.7 ","4,735.0 ","6,704.4 ","1,969.4 ","131,703.7 ",,"129,194.1 ","98,115.0 ","31,081.9 ",,"28,207.0 ",,"127,658.3 ",,,
7- 9.,"132,360.3 ","76,453.1 ","74,584.6 ","62,322.3 ","5,392.4 ","20,102.9 ",-89.8 ,"25,395.7 ","6,615.6 ",-31.2 ,"-1,555.6 ","20,921.3 ","22,476.9 ",77.3 ,,"-1,567.8 ","130,792.6 ","5,239.8 ","6,527.1 ","1,287.3 ","136,032.4 ",,"133,808.3 ","101,835.6 ","31,976.8 ",,"32,103.6 ",,"132,508.3 ",,,
10-12.,"136,085.5 ","77,575.8 ","75,592.2 ","63,309.9 ","5,763.8 ","20,011.1 ","1,105.4 ","25,832.8 ","8,133.1 ",18.1 ,"-2,461.3 ","21,096.4 ","23,557.6 ",106.8 ,,"-1,725.4 ","134,360.1 ","3,471.1 ","5,342.5 ","1,871.4 ","137,831.2 ",,"138,399.1 ","104,447.5 ","33,951.1 ",,"33,865.8 ",,"134,939.6 ",,,
2014/ 1- 3.,"135,163.0 ","77,602.7 ","76,060.6 ","63,774.2 ","5,555.7 ","23,724.5 ","-3,172.4 ","26,085.5 ","8,073.9 ",37.4 ,"-2,603.4 ","22,165.5 ","24,769.0 ",-140.8 ,,"-2,053.1 ","133,109.8 ","5,122.6 ","6,485.7 ","1,363.2 ","138,232.4 ",,"137,761.4 ","103,578.9 ","34,180.5 ",,"37,348.2 ",,"138,467.8 ",,,
4- 6.,"128,341.9 ","72,409.0 ","70,899.6 ","58,565.2 ","4,829.6 ","18,586.8 ","2,142.8 ","25,817.9 ","5,297.6 ",11.0 ,-845.7 ,"22,315.6 ","23,161.3 ",93.0 ,,"-1,939.8 ","126,402.1 ","4,170.0 ","6,658.4 ","2,488.4 ","130,572.1 ",,"129,199.6 ","98,038.2 ","31,163.4 ",,"28,720.3 ",,"126,083.7 ",,,
7- 9.,"130,927.0 ","74,628.9 ","72,945.3 ","60,620.3 ","4,924.7 ","20,442.1 ",-9.0 ,"25,606.3 ","6,544.7 ",29.0 ,"-1,218.8 ","22,658.3 ","23,877.1 ",-20.9 ,,"-2,003.0 ","128,924.0 ","5,820.6 ","7,306.4 ","1,485.8 ","134,744.6 ",,"132,187.4 ","99,988.2 ","32,200.0 ",,"31,916.5 ",,"130,897.6 ",,,
10-12.,"135,380.8 ","76,076.1 ","74,233.6 ","61,911.3 ","5,086.3 ","20,386.0 ",713.8 ,"26,045.9 ","7,915.0 ",-6.2 ,-807.2 ,"23,757.1 ","24,564.2 ",-28.8 ,,"-1,525.9 ","133,854.9 ","4,319.5 ","6,801.7 ","2,482.3 ","138,174.4 ",,"136,228.3 ","102,289.3 ","33,936.9 ",,"33,373.3 ",,"134,640.0 ",,,
2015/ 1- 3.,"135,545.5 ","74,827.6 ","73,464.9 ","61,133.9 ","4,957.5 ","24,786.6 ","-2,613.6 ","26,517.5 ","7,668.0 ",46.7 ,-556.4 ,"23,912.4 ","24,468.7 ",-88.3 ,,-254.9 ,"135,290.7 ","5,697.6 ","7,257.1 ","1,559.5 ","140,988.3 ",,"136,120.3 ","101,879.8 ","34,237.8 ",,"37,407.7 ",,"138,207.2 ",,,
4- 6.,"131,367.0 ","73,746.0 ","72,085.8 ","59,745.0 ","4,813.8 ","19,521.8 ","2,189.3 ","26,318.7 ","5,219.8 ",-32.5 ,-498.4 ,"22,799.4 ","23,297.9 ",88.5 ,,-241.2 ,"131,125.7 ","5,028.2 ","7,785.1 ","2,756.9 ","136,154.0 ",,"131,839.6 ","100,332.0 ","31,509.3 ",,"29,557.5 ",,"129,131.4 ",,,
7- 9.,"133,748.4 ","75,309.9 ","73,478.9 ","61,134.3 ","5,200.3 ","21,578.0 ",243.6 ,"26,060.0 ","6,227.0 ",-27.6 ,-829.1 ,"23,374.8 ","24,203.9 ",-13.5 ,,79.8 ,"133,828.3 ","6,250.3 ","7,999.1 ","1,748.8 ","140,078.6 ",,"134,585.2 ","102,328.6 ","32,258.1 ",,"33,008.2 ",,"133,543.1 ",,,
10-12.,"137,420.3 ","76,181.4 ","74,177.9 ","61,828.4 ","5,334.6 ","21,432.7 ","1,312.8 ","26,653.7 ","7,614.5 ",-26.5 ,"-1,096.1 ","23,728.8 ","24,825.0 ",13.4 ,,419.7 ,"137,840.0 ","4,229.4 ","7,020.5 ","2,791.2 ","142,069.4 ",,"138,516.3 ","104,281.6 ","34,234.0 ",,"34,381.1 ",,"136,107.5 ",,,
2016/ 1- 3.,"136,877.8 ","74,761.1 ","73,212.1 ","60,856.6 ","5,066.8 ","24,557.5 ","-2,335.2 ","27,229.2 ","8,019.6 ",26.6 ,-459.1 ,"23,713.7 ","24,172.7 ",11.3 ,,"1,604.6 ","138,482.4 ","5,710.0 ","7,440.1 ","1,730.0 ","144,192.4 ",,"137,334.9 ","102,062.1 ","35,272.0 ",,"37,643.4 ",,"139,170.7 ",,,
4- 6.,"131,994.9 ","73,106.3 ","71,380.8 ","59,019.7 ","4,975.2 ","19,724.6 ","2,286.0 ","26,742.4 ","5,395.3 ",-63.3 ,-177.3 ,"23,060.4 ","23,237.7 ",5.7 ,,"1,323.9 ","133,318.8 ","4,334.1 ","7,480.7 ","3,146.6 ","137,652.9 ",,"132,170.4 ","100,096.0 ","32,074.2 ",,"30,094.8 ",,"129,767.3 ",,,
7- 9.,"134,430.3 ","74,651.8 ","72,719.6 ","60,352.3 ","5,451.3 ","21,447.7 ",17.5 ,"26,454.7 ","6,393.2 ",-68.0 ,84.6 ,"23,613.5 ","23,528.9 ",-2.5 ,,"1,260.0 ","135,690.3 ","5,610.0 ","7,534.4 ","1,924.4 ","141,300.3 ",,"134,345.6 ","101,564.4 ","32,781.4 ",,"33,292.3 ",,"134,485.9 ",,,
10-12.,"138,834.5 ","76,265.4 ","74,139.0 ","61,765.7 ","5,599.1 ","21,707.5 ",738.0 ,"26,827.2 ","7,574.7 ",-90.6 ,227.6 ,"24,946.1 ","24,718.5 ",-14.5 ,,"1,055.3 ","139,889.8 ","3,433.1 ","6,416.6 ","2,983.4 ","143,322.9 ",,"138,610.6 ","104,298.0 ","34,313.5 ",,"34,881.9 ",,"138,202.3 ",,,
2017/ 1- 3.,"138,219.4 ","75,106.3 ","73,437.0 ","61,058.3 ","5,269.6 ","24,912.4 ","-2,713.3 ","27,163.2 ","7,855.4 ",-59.3 ,642.7 ,"25,211.6 ","24,568.9 ",42.3 ,,503.5 ,"138,722.9 ","5,919.4 ","7,912.5 ","1,993.1 ","144,642.3 ",,"137,620.9 ","102,664.7 ","34,953.8 ",,"38,033.9 ",,"140,864.7 ",,,
4- 6.,"133,903.7 ","74,416.0 ","72,680.2 ","60,295.9 ","5,095.7 ","20,230.7 ","1,496.1 ","26,788.8 ","5,594.3 ",17.0 ,312.9 ,"24,587.1 ","24,274.2 ",-47.9 ,,364.4 ,"134,268.0 ","4,450.5 ","7,858.1 ","3,407.6 ","138,718.5 ",,"133,589.7 ","101,192.8 ","32,397.9 ",,"30,920.8 ",,"132,463.4 ",,,
7- 9.,"137,179.6 ","75,273.7 ","73,328.9 ","60,937.7 ","5,448.9 ","21,987.5 ",563.3 ,"26,507.4 ","6,401.7 ",18.4 ,"1,097.5 ","25,258.0 ","24,160.5 ",-118.9 ,,553.4 ,"137,733.0 ","6,359.9 ","8,348.8 ","1,988.9 ","144,092.9 ",,"136,179.5 ","103,258.3 ","32,922.9 ",,"33,838.6 ",,"136,623.7 ",,,
10-12.,"141,917.3 ","77,132.9 ","74,998.5 ","62,599.8 ","5,380.2 ","22,369.9 ","1,894.8 ","26,885.8 ","7,556.2 ",21.3 ,769.7 ,"26,587.1 ","25,817.4 ",-93.6 ,,183.3 ,"142,100.6 ","3,789.2 ","7,044.1 ","3,254.9 ","145,889.8 ",,"141,179.5 ","106,724.7 ","34,456.2 ",,"35,307.7 ",,"140,074.6 ",,,
2018/ 1- 3.,"140,173.0 ","75,363.8 ","73,719.0 ","61,318.2 ","4,986.9 ","25,697.4 ","-2,092.5 ","27,312.2 ","7,842.7 ",22.4 ,"1,096.7 ","26,532.7 ","25,436.1 ",-56.6 ,,-133.7 ,"140,039.3 ","5,721.0 ","8,030.4 ","2,309.4 ","145,760.4 ",,"139,122.3 ","103,947.1 ","35,177.3 ",,"38,513.7 ",,"142,240.2 ",,,
4- 6.,"135,690.4 ","74,497.9 ","72,950.8 ","60,546.0 ","4,642.3 ","21,053.8 ","1,803.6 ","27,094.1 ","5,679.6 ",-13.1 ,"1,013.5 ","26,084.9 ","25,071.4 ",-81.4 ,,-517.9 ,"135,172.4 ","4,906.4 ","8,648.4 ","3,742.1 ","140,078.8 ",,"134,715.8 ","101,968.9 ","32,747.9 ",,"31,367.1 ",,"133,936.3 ",,,
7- 9.,"137,133.0 ","75,600.2 ","73,821.4 ","61,407.6 ","5,020.1 ","21,977.4 ",508.1 ,"26,727.6 ","6,529.6 ",-8.9 ,834.0 ,"25,790.7 ","24,956.8 ",-55.2 ,,-986.1 ,"136,146.8 ","6,522.2 ","8,832.7 ","2,310.5 ","142,669.1 ",,"136,343.5 ","103,101.4 ","33,241.5 ",,"33,523.9 ",,"136,640.1 ",,,
10-12.,"141,770.2 ","77,163.9 ","75,202.8 ","62,778.5 ","5,178.5 ","22,811.5 ","1,882.0 ","27,296.4 ","7,530.8 ",-11.6 ,-68.5 ,"27,056.9 ","27,125.4 ",-12.9 ,,"-1,090.0 ","140,680.1 ","4,021.6 ","7,644.3 ","3,622.7 ","144,701.7 ",,"141,836.7 ","107,021.2 ","34,814.2 ",,"35,522.1 ",,"139,917.4 ",,,
2019/ 1- 3.,"139,938.5 ","75,095.7 ","73,615.8 ","61,192.6 ","5,061.9 ","25,843.9 ","-1,969.6 ","27,561.2 ","7,887.9 ",-37.0 ,521.8 ,"26,067.0 ","25,545.2 ",-27.3 ,,-450.7 ,"139,487.9 ","6,125.3 ","8,455.9 ","2,330.6 ","145,613.2 ",,"139,437.0 ","104,024.5 ","35,412.9 ",,"38,777.1 ",,"141,965.0 ",,,
4- 6.,"135,667.8 ","74,537.2 ","72,834.9 ","60,410.5 ","4,934.5 ","20,755.0 ","2,097.4 ","27,608.1 ","5,791.1 ",-3.4 ,3.2 ,"25,592.0 ","25,588.8 ",-55.2 ,,-692.6 ,"134,975.3 ","5,002.3 ","8,885.0 ","3,882.7 ","139,977.5 ",,"135,682.8 ","102,311.5 ","33,371.7 ",,"31,476.5 ",,"133,585.2 ",,,
7- 9.,"137,939.6 ","76,035.0 ","74,116.1 ","61,679.5 ","5,342.8 ","22,803.8 ",67.9 ,"27,423.7 ","6,654.9 ",-21.3 ,-347.6 ,"25,726.2 ","26,073.8 ",-19.7 ,,-534.3 ,"137,405.3 ","6,728.0 ","9,234.0 ","2,506.0 ","144,133.3 ",,"138,288.6 ","104,244.7 ","34,044.2 ",,"34,800.3 ",,"137,911.7 ",,,
10-12.,"138,989.5 ","75,070.5 ","72,948.8 ","60,513.6 ","5,310.4 ","21,530.4 ","1,280.4 ","27,896.2 ","7,772.0 ",4.7 ,146.2 ,"26,541.9 ","26,395.7 ",-21.2 ,,-356.1 ,"138,633.4 ","3,794.4 ","7,413.8 ","3,619.4 ","142,427.9 ",,"138,862.5 ","103,182.6 ","35,679.8 ",,"34,634.1 ",,"137,720.8 ",,,
2020/ 1- 3.,"137,520.3 ","73,976.9 ","72,317.7 ","59,883.3 ","4,834.8 ","25,384.8 ","-2,542.8 ","28,045.9 ","7,864.0 ",11.6 ,-155.5 ,"24,730.0 ","24,885.4 ",100.6 ,,-248.7 ,"137,271.6 ","6,107.9 ","8,346.3 ","2,238.4 ","143,379.5 ",,"137,636.2 ","101,702.9 ","35,932.7 ",,"38,062.3 ",,"139,998.3 ",,,
4- 6.,"122,496.5 ","67,334.3 ","65,347.5 ","52,956.4 ","4,662.0 ","19,135.2 ","1,510.0 ","28,043.5 ","6,105.6 ",-18.0 ,"-4,528.7 ","19,986.1 ","24,514.8 ",252.7 ,,"1,151.8 ","123,648.3 ","4,071.2 ","7,409.8 ","3,338.7 ","127,719.5 ",,"126,712.2 ","92,614.3 ","34,097.0 ",,"29,911.9 ",,"121,039.6 ",,,
7- 9.,"131,077.8 ","71,502.9 ","69,303.2 ","56,879.2 ","4,752.9 ","20,529.8 ",-332.9 ,"28,204.3 ","6,972.5 ",-21.6 ,-592.8 ,"21,955.5 ","22,548.3 ",62.7 ,,"1,023.8 ","132,101.6 ","5,572.5 ","7,666.8 ","2,094.3 ","137,674.1 ",,"131,601.0 ","96,458.4 ","35,142.2 ",,"32,267.9 ",,"131,436.9 ",,,
10-12.,"138,406.8 ","74,563.6 ","72,149.6 ","59,700.1 ","4,822.1 ","21,285.9 ",296.9 ,"28,833.8 ","8,187.9 ",-39.1 ,513.0 ,"25,161.1 ","24,648.1 ",-57.3 ,,"1,174.2 ","139,580.9 ","3,832.0 ","6,578.6 ","2,746.6 ","143,412.9 ",,"137,944.5 ","100,949.2 ","36,995.4 ",,"34,325.0 ",,"138,178.4 ",,,
2021/ 1- 3.,"136,648.8 ","71,853.8 ","69,905.0 ","57,468.6 ","4,670.4 ","24,410.7 ","-1,844.1 ","28,933.8 ","8,182.0 ",-15.5 ,485.4 ,"25,244.9 ","24,759.5 ",-27.5 ,,232.3 ,"136,881.1 ","6,123.9 ","8,251.4 ","2,127.5 ","143,005.1 ",,"136,254.9 ","99,141.5 ","37,117.9 ",,"37,247.3 ",,"138,435.8 ",,,
4- 6.,"132,354.9 ","71,254.6 ","69,463.1 ","57,024.6 ","4,589.9 ","20,283.2 ","1,426.7 ","29,401.8 ","5,819.7 ",3.6 ,-311.0 ,"25,448.9 ","25,759.8 ",-113.6 ,,-410.1 ,"131,944.8 ","6,472.3 ","10,048.5 ","3,576.1 ","138,417.1 ",,"132,619.4 ","97,462.5 ","35,155.9 ",,"30,678.8 ",,"131,036.9 ",,,
7- 9.,"134,149.0 ","71,257.9 ","69,172.2 ","56,730.2 ","4,857.5 ","21,325.1 ",647.1 ,"29,253.6 ","6,691.8 ",-24.6 ,244.6 ,"25,391.9 ","25,147.3 ",-104.2 ,,"-1,360.3 ","132,788.6 ","7,692.1 ","9,983.0 ","2,290.9 ","140,480.7 ",,"133,933.0 ","98,047.3 ","35,886.4 ",,"32,874.8 ",,"133,580.7 ",,,
10-12.,"140,627.2 ","75,126.4 ","72,916.4 ","60,438.0 ","4,898.6 ","21,795.9 ","1,150.8 ","29,356.4 ","7,692.2 ",16.7 ,721.8 ,"26,681.1 ","25,959.3 ",-131.5 ,,"-2,338.4 ","138,288.8 ","5,518.9 ","9,041.7 ","3,522.8 ","143,807.7 ",,"139,980.3 ","102,913.8 ","37,064.3 ",,"34,405.9 ",,"139,529.5 ",,,
2022/ 1- 3.,"137,910.7 ","72,665.3 ","70,829.3 ","58,365.8 ","4,634.7 ","25,017.7 ","-1,036.1 ","29,651.1 ","7,374.2 ",16.5 ,-270.3 ,"26,372.7 ","26,643.0 ",-142.3 ,,"-2,597.3 ","135,313.4 ","8,495.0 ","11,067.2 ","2,572.2 ","143,808.3 ",,"138,222.1 ","101,196.8 ","37,025.5 ",,"36,958.7 ",,"139,019.1 ",,,
4- 6.,"134,254.0 ","73,140.0 ","71,432.6 ","58,957.7 ","4,378.4 ","20,576.9 ","1,755.0 ","29,755.0 ","5,216.6 ",18.0 ,-364.4 ,"26,323.9 ","26,688.3 ",-221.4 ,,"-3,766.7 ","130,487.2 ","7,247.3 ","11,567.7 ","4,320.4 ","137,734.5 ",,"134,683.4 ","99,806.9 ","34,867.2 ",,"30,131.4 ",,"132,484.3 ",,,
7- 9.,"135,837.1 ","73,926.0 ","71,946.8 ","59,460.4 ","4,690.4 ","22,315.9 ",775.9 ,"29,284.4 ","6,095.4 ",-69.2 ,-989.8 ,"27,017.5 ","28,007.3 ",-191.8 ,,"-4,720.4 ","131,116.7 ","9,539.7 ","12,472.9 ","2,933.2 ","140,656.4 ",,"136,903.4 ","101,668.5 ","35,223.9 ",,"33,065.2 ",,"135,172.1 ",,,
10-12.,"141,000.6 ","75,772.1 ","73,687.0 ","61,176.2 ","4,792.1 ","22,495.7 ",931.7 ,"29,875.9 ","7,164.0 ",44.7 ,76.0 ,"28,752.1 ","28,676.1 ",-151.5 ,,"-4,538.4 ","136,462.2 ","7,548.6 ","12,032.7 ","4,484.1 ","144,010.8 ",,"141,045.5 ","103,960.6 ","37,080.8 ",,"34,443.5 ",,"140,019.8 ",,,
2023/ 1- 3.,"140,879.3 ","75,058.8 ","73,307.5 ","60,794.8 ","4,603.6 ","25,881.3 ","-1,140.7 ","30,037.2 ","7,577.8 ",28.8 ,-898.1 ,"26,944.7 ","27,842.7 ",-269.4 ,,"-3,415.9 ","137,463.4 ","8,422.6 ","12,262.2 ","3,839.6 ","145,886.0 ",,"141,823.3 ","104,156.2 ","37,671.9 ",,"37,963.3 ",,"142,295.4 ",,,
4- 6.,"136,173.6 ","73,493.1 ","71,685.1 ","59,191.3 ","4,534.2 ","20,580.0 ","1,638.3 ","29,424.9 ","5,440.1 ",8.3 ,964.9 ,"27,285.7 ","26,320.7 ",89.8 ,,"-2,603.7 ","133,569.9 ","7,822.0 ","13,864.6 ","6,042.6 ","141,391.9 ",,"135,055.4 ","100,292.8 ","34,743.2 ",,"30,537.1 ",,"134,395.8 ",,,
7- 9.,"137,049.8 ","73,890.6 ","71,820.2 ","59,318.1 ","4,796.1 ","21,720.3 ",149.9 ,"29,218.6 ","6,210.3 ",-16.7 ,"1,097.0 ","27,803.4 ","26,706.4 ",-16.3 ,,"-2,084.3 ","134,965.6 ","9,770.0 ","14,143.7 ","4,373.7 ","144,735.6 ",,"135,822.7 ","100,476.5 ","35,335.8 ",,"32,720.4 ",,"137,024.6 ",,,
10-12.,"141,735.2 ","75,534.6 ","73,362.6 ","60,830.2 ","4,814.8 ","22,672.6 ",170.9 ,"29,579.8 ","7,167.3 ",19.3 ,"1,765.5 ","29,977.2 ","28,211.8 ",10.6 ,,"-2,412.0 ","139,323.2 ","6,656.1 ","12,459.1 ","5,803.0 ","145,979.4 ",,"139,888.9 ","103,104.2 ","36,782.9 ",,"34,647.0 ",,"141,628.7 ",,,
2024/ 1- 3.,"139,696.8 ","73,855.6 ","71,993.1 ","59,486.7 ","4,450.1 ","25,541.4 ","-1,370.1 ","29,801.8 ","7,144.3 ",15.5 ,401.9 ,"27,322.7 ","26,920.8 ",-143.8 ,,"-2,068.5 ","137,628.4 ","9,121.1 ","13,897.7 ","4,776.5 ","146,749.5 ",,"139,197.5 ","102,237.6 ","36,968.6 ",,"37,047.4 ",,"141,353.3 ",,,
4- 6.,"135,198.7 ","73,111.3 ","71,287.2 ","58,791.8 ","4,407.0 ","21,002.7 ","1,161.7 ","29,901.0 ","5,408.1 ",-7.0 ,400.5 ,"27,588.7 ","27,188.2 ",-186.6 ,,"-2,019.7 ","133,179.0 ","8,669.2 ","15,665.8 ","6,996.6 ","141,848.2 ",,"134,812.6 ","99,663.1 ","35,139.5 ",,"30,773.1 ",,"134,006.7 ",,,
7- 9.,"138,085.7 ","74,567.3 ","72,488.7 ","59,963.0 ","4,733.6 ","22,238.7 ",559.2 ,"29,582.9 ","6,280.5 ",-6.0 ,285.0 ,"28,229.4 ","27,944.4 ",-155.4 ,,"-1,885.8 ","136,200.0 ","11,014.0 ","16,066.2 ","5,052.2 ","147,213.9 ",,"137,835.3 ","102,040.9 ","35,780.2 ",,"33,223.5 ",,"137,583.2 ",,,
10-12.,"143,436.5 ","76,290.3 ","74,110.8 ","61,545.9 ","4,773.8 ","22,892.7 ",129.6 ,"30,068.9 ","7,192.0 ",-13.0 ,"2,041.1 ","30,129.7 ","28,088.6 ",61.2 ,,"-1,745.0 ","141,691.5 ","6,825.7 ","13,048.8 ","6,223.1 ","148,517.1 ",,"141,211.9 ","103,975.0 ","37,238.8 ",,"34,842.1 ",,"143,439.6 ",,,
2025/ 1- 3.,"142,008.5 ","75,012.9 ","73,141.5 ","60,598.4 ","4,604.4 ","26,268.1 ",-710.1 ,"30,023.9 ","7,287.7 ",30.8 ,-267.2 ,"28,398.1 ","28,665.3 ",-242.0 ,,"-1,524.8 ","140,483.7 ","10,127.5 ","15,131.4 ","5,003.9 ","150,611.2 ",,"142,405.7 ","105,035.5 ","37,365.3 ",,"38,072.7 ",,"142,904.1 ",,,
4- 6.,"137,462.4 ","73,951.0 ","72,059.6 ","59,541.4 ","4,516.2 ","21,396.3 ","1,910.8 ","29,848.7 ","5,370.8 ",-44.6 ,688.0 ,"28,927.2 ","28,239.2 ",-174.9 ,,"-1,296.1 ","136,166.3 ","7,996.6 ","14,998.2 ","7,001.6 ","144,162.9 ",,"136,838.3 ","101,840.0 ","34,959.4 ",,"31,232.5 ",,"135,474.9 ",,,
���J�������������Y(�x�o��)�|���������Y(�x�o��)�̓��󍀖ڌv,,,,,,,,,,,,,,,,,,,,,,,,,,,,,,,,
�����݁E�T�[�r�X�̏��A�o�͘A�������ł̌v�Z���ł��Ȃ����߁A���݁E�T�[�r�X�̗A�o�|���݁E�T�[�r�X�̗A���ɂ�苁�߂Ă���B���̂��ߊ�^�x�Ƃ͕�������v���Ȃ��ꍇ������B,,,,,,,,,,,,,,,,,,,,,,,,,,,,,,,,
