2007,,,,,,,,,,,,,,,,,,,,,,,,
,,（３）石油製品国内向月別販売 / Domestic Sales of Petroleum Products by Month,,,,,,,,,,,,,,,,,,,,"（単位：kl、アスファルト以下：ｔ/Unit:kl, from Ashalt onward is Ton)",,
,,,,,,,,,,,,,,,,,,,,,,,"Year, Quarter & Month",
,,年 月,,,,燃料油計,ガソリン,ナフサ,ジェット,灯油,軽油,重油,,,潤滑油,アスファルト,グリース,パラフィン,液化石油ガス,,,液化天然ガス,,
,,,,,,,,,燃料油,,,,Ａ重油,Ｂ・Ｃ重油,,,,,,"P・P, P・B",B・B,,,
,,,,,,Total of Fuel Products,Gasoline,Naphtha,Jet Fuel,Kerosene,Gas Oil,Fuel Oil Total,Fuel Oil A,Fuel Oil B･C,Lubricating Oil,Asphalt,Grease,Paraffin Wax,LPG,,,ＬＮＧ,,
,1,平成,15年,,,"243,569,341","60,077,901","49,091,849","4,526,938","29,751,916","38,295,301","61,825,436","29,968,115","31,857,321","2,086,201","4,041,117","58,745","60,212","17,259,106","11,380,072","5,879,034","53,565,975",C.Y. 2003,1
,2,,16,,,"236,269,121","61,220,197","48,413,668","4,838,050","27,410,848","38,078,816","56,307,542","29,189,483","27,118,059","2,070,171","3,769,841","67,078","64,470","16,323,674","10,753,304","5,570,370","50,225,262",C.Y. 2004,2
,3,,17,,,"238,279,985","61,615,686","49,540,512","4,904,989","29,538,869","37,449,416","55,230,513","28,647,773","26,582,740","2,045,538","3,443,232","67,535","61,126","16,300,976","10,801,415","5,499,561","50,963,337",C.Y. 2005,3
,4,,18,,,"228,938,568","60,840,334","49,647,042","5,431,666","26,322,908","36,778,726","49,917,892","25,278,643","24,639,249","2,061,152","3,319,958","69,466","60,934","16,759,040","11,226,496","5,532,544","61,822,704",C.Y. 2006,4
,5,,19,,,"219,231,819","59,827,439","49,309,650","5,829,121","23,006,328","35,937,542","45,321,739","21,676,033","23,645,706","1,944,865","3,384,361","78,382","60,334","16,307,572","10,593,967","5,713,605","71,452,956",C.Y. 2007,5
,,,,,,,,,,,,,,,,,,,,,,,,
,6,平成,18年度,,,"223,785,463","60,551,523","50,077,841","5,389,080","24,503,861","36,605,601","46,657,557","23,961,177","22,696,380","2,054,310","3,373,311","71,600","59,425","16,865,738","11,205,940","5,659,798","65,693,432",F.Y. 2006,6
,7,,19,,,"218,478,562","59,076,111","48,548,060","5,915,854","22,672,281","35,556,561","46,709,695","21,369,055","25,340,640","1,938,621","3,253,432","78,463","63,989","16,322,207","10,820,853","5,501,354","72,856,148",F.Y. 2007,7
,,,,,,,,,,,,,,,,,,,,,,,,
,8,平成,19年,1～ 3月,,"59,415,350","14,330,109","13,071,041","1,394,402","9,746,078","8,925,729","11,947,991","6,528,334","5,419,657","495,672","1,018,334","18,357","12,727","4,395,367","3,072,290","1,323,077","17,632,751",Q1 2007,8
,9,,,4～ 6,,"50,238,468","14,637,953","11,511,634","1,421,875","3,607,402","8,830,515","10,229,089","4,913,326","5,315,763","453,077","688,041","19,687","15,187","4,015,922","2,545,087","1,470,835","17,432,938",Q2,9
,10,,,7～ 9,,"51,579,999","15,912,539","12,007,127","1,413,324","2,484,568","8,874,156","10,888,285","4,623,367","6,264,918","478,564","745,147","19,569","16,425","3,711,765","2,118,245","1,593,520","17,618,075",Q3,10
,11,,,10～12,,"57,998,002","14,946,838","12,719,848","1,599,520","7,168,280","9,307,142","12,256,374","5,611,006","6,645,368","517,552","932,839","20,769","15,995","4,184,518","2,858,345","1,326,173","18,769,192",Q4,11
,12,平成,20年,1～ 3月,,"58,662,093","13,578,781","12,309,451","1,481,135","9,412,031","8,544,748","13,335,947","6,221,356","7,114,591","489,428","887,405","18,438","16,382","4,410,002","3,299,176","1,110,826","19,035,943",Q1 2008,12
,,,,,,,,,,,,,,,,,,,,,,,,
,13,平成,19年,1月,,"19,613,907","4,535,244","4,610,738","423,739","3,369,472","2,605,872","4,068,842","2,058,907","2,009,935","148,925","287,264","5,740","4,885","1,474,068","1,062,600","411,468","6,397,402",Jan. 2007,13
,14,,,2,,"19,269,234","4,627,176","4,076,082","407,771","3,332,659","3,007,350","3,818,196","2,218,563","1,599,633","161,688","307,828","6,052","4,441","1,477,448","1,034,120","443,328","5,728,621",Feb.,14
,15,,,3,,"20,532,209","5,167,689","4,384,221","562,892","3,043,947","3,312,507","4,060,953","2,250,864","1,810,089","185,059","423,242","6,565","3,401","1,443,851","975,570","468,281","5,506,728",Mar.,15
,16,,,4,,"17,680,619","4,917,756","3,922,746","440,465","1,799,218","2,973,695","3,626,739","1,844,225","1,782,514","163,135","224,759","6,787","5,019","1,466,006","932,255","533,751","5,143,872",Apr.,16
,17,,,5,,"16,268,236","4,891,327","3,928,897","479,997","945,772","2,842,200","3,180,043","1,485,607","1,694,436","139,812","217,632","6,122","5,199","1,337,896","874,536","463,360","6,528,047",May,17
,18,,,6,,"16,289,613","4,828,870","3,659,991","501,413","862,412","3,014,620","3,422,307","1,583,494","1,838,813","150,130","245,650","6,778","4,969","1,212,020","738,296","473,724","5,761,019",Jun.,18
,19,,,7,,"16,751,761","5,230,430","3,914,753","421,092","841,826","2,970,185","3,373,475","1,597,459","1,776,016","154,624","215,586","6,575","6,184","1,335,269","757,204","578,065","6,070,821",Jul.,19
,20,,,8,,"17,204,044","5,452,465","4,161,220","497,258","571,728","2,845,273","3,676,100","1,401,385","2,274,715","156,381","244,956","6,440","4,772","1,257,218","741,498","515,720","6,135,252",Aug.,20
,21,,,9,,"17,624,194","5,229,644","3,931,154","494,974","1,071,014","3,058,698","3,838,710","1,624,523","2,214,187","167,559","284,605","6,554","5,469","1,119,278","619,543","499,735","5,412,002",Sep.,21
,22,,,10,,"18,287,523","5,033,754","4,051,875","511,032","1,566,920","3,144,071","3,979,871","1,762,470","2,217,401","175,662","294,992","7,253","5,259","1,263,507","789,408","474,099","6,566,473",Oct.,22
,23,,,11,,"18,884,787","4,836,423","4,208,826","515,553","2,375,823","3,117,447","3,830,715","1,814,023","2,016,692","173,554","306,200","6,859","5,416","1,314,622","902,626","411,996","6,034,217",Nov.,23
,24,,,12,,"20,825,692","5,076,661","4,459,147","572,935","3,225,537","3,045,624","4,445,788","2,034,513","2,411,275","168,336","331,647","6,657","5,320","1,606,389","1,166,311","440,078","6,168,502",Dec.,24
,,,,,,,,,,,,,,,,,,,,,,,,
,25,平成,20年,1月,,"20,150,145","4,581,020","4,411,087","420,365","3,432,192","2,646,879","4,658,602","2,022,996","2,635,606","151,779","210,520","5,456","5,048","1,413,503","1,083,804","329,699","6,128,802",Jan. 2008,25
,26,,,2,,"20,118,599","4,542,062","4,003,484","479,001","3,739,978","2,927,716","4,426,358","2,210,209","2,216,149","154,451","288,643","6,202","5,965","1,564,916","1,165,550","399,366","6,048,739",Feb.,26
,27,,,3,,"18,393,349","4,455,699","3,894,880","581,769","2,239,861","2,970,153","4,250,987","1,988,151","2,262,836","183,198","388,242","6,780","5,369","1,431,583","1,049,822","381,761","6,858,402",Mar.,27
,,,,,,,,,,,,,,,,,,,,,,,,
,,注： Ｐ・Ｐ＝プロパン・プロピレン、Ｐ・Ｂ＝プロパン・ブタン、プロピレン・ブチレン等プロパン、プロピレンを主成分とするもの。,,,,,,,,,,,,,Note : P・P is Propane・Propylene; P・B is Propane・Butane ; B・B is Butane・Butylene.,,,,,,,,,
,,Ｂ・Ｂ＝ブタン・ブチレンを主成分とするもの。,,,,,,,,,,,,,,,,,,,,,,
2008,,,,,,,,,,,,,,,,,,,,,,,,
,,（３）石油製品国内向月別販売 / Domestic Sales of Petroleum Products by Month,,,,,,,,,,,,,,,,,,,,"（単位：kl、アスファルト以下：ｔ/Unit:kl, from Ashalt onward is Ton)",,
,,,,,,,,,,,,,,,,,,,,,,,"Year, Quarter & Month",
,,年 月,,,,燃料油計,ガソリン,ナフサ,ジェット,灯油,軽油,重油,,,潤滑油,アスファルト,グリース,パラフィン,液化石油ガス,,,液化天然ガス,,
,,,,,,,,,燃料油,,,,Ａ重油,Ｂ・Ｃ重油,,,,,,"P・P, P・B",B・B,,,
,,,,,,Total of Fuel Products,Gasoline,Naphtha,Jet Fuel,Kerosene,Gas Oil,Fuel Oil Total,Fuel Oil A,Fuel Oil B･C,Lubricating Oil,Asphalt,Grease,Paraffin Wax,LPG,,,ＬＮＧ,,
,1,平成,16年,,,"236,269,121","61,220,197","48,413,668","4,838,050","27,410,848","38,078,816","56,307,542","29,189,483","27,118,059","2,070,171","3,769,841","67,078","64,470","16,323,674","10,753,304","5,570,370","50,225,262",C.Y. 2004,1
,2,,17,,,"238,279,985","61,615,686","49,540,512","4,904,989","29,538,869","37,449,416","55,230,513","28,647,773","26,582,740","2,045,538","3,443,232","67,535","61,126","16,300,976","10,801,415","5,499,561","50,963,337",C.Y. 2005,2
,3,,18,,,"228,938,568","60,840,334","49,647,042","5,431,666","26,322,908","36,778,726","49,917,892","25,278,643","24,639,249","2,061,152","3,319,958","69,466","60,934","16,759,040","11,226,496","5,532,544","61,822,704",C.Y. 2006,3
,4,,19,,,"219,231,819","59,827,439","49,309,650","5,829,121","23,006,328","35,937,542","45,321,739","21,676,033","23,645,706","1,944,865","3,384,361","78,382","60,334","16,307,572","10,593,967","5,713,605","71,452,956",C.Y. 2007,4
,5,,20,,,"207,739,397","57,315,952","45,329,589","5,760,721","20,972,251","34,246,289","44,114,595","19,093,641","25,020,954","1,888,509","2,835,708","72,048","57,948","16,245,086","11,086,148","5,158,938","72,335,275",C.Y. 2008,5
,,,,,,,,,,,,,,,,,,,,,,,,
,6,平成,19年度,,,"218,486,682","59,063,631","48,532,946","5,915,882","22,665,924","35,585,563","46,722,736","21,369,007","25,353,729","1,938,421","3,253,432","79,235","63,989","16,322,207","10,820,853","5,501,354","72,856,167",F.Y. 2007,6
,7,,20,,,"201,042,094","57,472,827","42,873,166","5,675,532","20,249,878","33,722,434","41,048,257","17,890,549","23,157,708","1,749,997","2,734,519","64,338","51,117","15,825,291","10,797,199","5,028,092","71,509,270",F.Y. 2008,7
,,,,,,,,,,,,,,,,,,,,,,,,
,8,平成,20年,1～ 3月,,"58,670,213","13,566,301","12,294,337","1,481,163","9,405,674","8,573,750","13,348,988","6,221,308","7,127,680","489,228","887,405","19,210","16,382","4,410,002","3,299,176","1,110,826","19,035,962",Q1 2008,8
,9,,,4～ 6,,"49,966,610","14,783,719","11,039,963","1,365,057","3,372,706","8,755,684","10,649,481","4,498,579","6,150,902","498,043","625,712","19,563","15,052","4,020,717","2,628,283","1,392,434","17,690,827",Q2,9
,10,,,7～ 9,,"46,867,449","14,320,246","11,209,761","1,475,383","1,758,900","8,245,217","9,857,942","3,776,190","6,081,752","471,190","671,294","17,915","14,441","3,613,071","2,204,234","1,408,837","18,484,290",Q3,10
,11,,,10～12,,"52,235,125","14,645,686","10,785,528","1,439,118","6,434,971","8,671,638","10,258,184","4,597,564","5,660,620","430,048","651,297","15,360","12,073","4,201,296","2,954,455","1,246,841","17,124,196",Q4,11
,12,平成,21年,1～ 3月,,"51,972,910","13,723,176","9,837,914","1,395,974","8,683,301","8,049,895","10,282,650","5,018,216","5,264,434","350,716","786,216","11,500","9,551","3,990,207","3,010,227","979,980","18,209,957",Q1 2009,12
,,,,,,,,,,,,,,,,,,,,,,,,
,13,平成,20年,1月,,"20,169,654","4,581,020","4,407,281","420,421","3,425,859","2,665,881","4,669,192","2,022,996","2,646,196","151,436","210,520","6,228","5,048","1,413,503","1,083,804","329,699","6,128,802",Jan. 2008,13
,14,,,2,,"20,117,351","4,542,062","3,997,264","478,973","3,739,978","2,932,716","4,426,358","2,210,209","2,216,149","154,451","288,643","6,202","5,965","1,564,916","1,165,550","399,366","6,109,127",Feb.,14
,15,,,3,,"18,383,208","4,443,219","3,889,792","581,769","2,239,837","2,975,153","4,253,438","1,988,103","2,265,335","183,341","388,242","6,780","5,369","1,431,583","1,049,822","381,761","6,798,033",Mar.,15
,16,,,4,,"18,177,623","5,766,944","3,629,468","411,678","1,489,996","3,095,926","3,783,611","1,613,343","2,170,268","163,403","199,802","6,570","4,990","1,413,982","936,289","477,693","6,053,351",Apr.,16
,17,,,5,,"16,395,858","4,615,302","3,839,275","438,846","1,107,763","2,910,618","3,484,054","1,482,076","2,001,978","164,749","196,065","6,594","3,726","1,375,610","905,672","469,938","5,514,134",May,17
,18,,,6,,"15,393,129","4,401,473","3,571,220","514,533","774,947","2,749,140","3,381,816","1,403,160","1,978,656","169,891","229,845","6,399","6,336","1,231,125","786,322","444,803","6,123,342",Jun.,18
,19,,,7,,"16,225,917","4,860,298","3,850,770","503,709","683,525","2,917,812","3,409,803","1,376,721","2,033,082","164,481","193,908","6,343","5,301","1,269,021","757,884","511,137","6,381,348",Jul.,19
,20,,,8,,"15,148,854","4,689,965","3,890,630","503,630","408,876","2,441,056","3,214,697","1,089,871","2,124,826","134,997","199,848","5,409","4,839","1,200,781","726,342","474,439","5,913,960",Aug.,20
,21,,,9,,"15,492,678","4,769,983","3,468,361","468,044","666,499","2,886,349","3,233,442","1,309,598","1,923,844","171,712","277,538","6,163","4,301","1,143,269","720,008","423,261","6,188,982",Sep.,21
,22,,,10,,"15,882,793","4,683,426","3,697,920","504,727","962,900","2,891,743","3,142,077","1,352,350","1,789,727","152,114","206,564","5,938","4,081","1,347,489","865,583","481,906","5,208,220",Oct.,22
,23,,,11,,"17,088,524","4,677,174","3,571,497","451,369","2,141,478","2,808,747","3,438,259","1,472,236","1,966,023","141,280","228,651","5,078","3,486","1,211,779","880,296","331,483","5,511,122",Nov.,23
,24,,,12,,"19,263,808","5,285,086","3,516,111","483,022","3,330,593","2,971,148","3,677,848","1,772,978","1,904,870","136,654","216,082","4,344","4,506","1,642,028","1,208,576","433,452","6,404,854",Dec.,24
,,,,,,,,,,,,,,,,,,,,,,,,
,25,平成,21年,1月,,"18,299,370","4,618,955","3,330,054","524,087","3,487,340","2,598,160","3,740,774","1,772,651","1,968,123","112,455","236,118","4,033","2,915","1,440,303","1,102,077","338,226","6,294,400",Jan. 2009,25
,26,,,2,,"16,019,562","4,209,271","3,128,868","459,724","2,619,917","2,471,372","3,130,410","1,577,250","1,553,160","113,284","250,015","3,543","3,886","1,251,819","973,786","278,033","5,632,753",Feb.,26
,27,,,3,,"17,653,978","4,894,950","3,378,992","412,163","2,576,044","2,980,363","3,411,466","1,668,315","1,743,151","124,977","300,083","3,924","2,750","1,298,085","934,364","363,721","6,282,804",Mar.,27
,,,,,,,,,,,,,,,,,,,,,,,,
,,注： Ｐ・Ｐ＝プロパン・プロピレン、Ｐ・Ｂ＝プロパン・ブタン、プロピレン・ブチレン等プロパン、プロピレンを主成分とするもの。,,,,,,,,,,,,,Note : P・P is Propane・Propylene; P・B is Propane・Butane ; B・B is Butane・Butylene.,,,,,,,,,
,,Ｂ・Ｂ＝ブタン・ブチレンを主成分とするもの。,,,,,,,,,,,,,,,,,,,,,,
,,,,,,,,,,,,,,,,,,,,,,,,
,,,,,,,,,,,,,,,,,,,,,,,,
,,,,,,,販売部門,,,,,,,,,,,,,,,,,
,,,,,,,,,,,,,,,,,,,,,,,,
2009,,,,,,,To Ｓａｌｅｓ,,,,,,,,,,,,,,,,,
（４）石油製品月別,,,,,,,department,,,,,,,,,,,,,,,,,
,,,平成17年,,, ,"61,622,267",,,,,,,,,,,,,,,,,
,,,18,,,,"61,066,969",,,,,,,,,,,,,,,,,
,,,19,,,,"60,527,925",,,,,,,,,,,,,,,,,
,,,20,,,,"58,446,919",,,,,,,,,,,,,,,,,
,,,21,,,,"58,617,026",,,,,,,,,,,,,,,,,
,,,,,,,,,,,,,,,,,,,,,,,,
,,,平成20年度,,,,"58,566,590",,,,,,,,,,,,,,,,,
,,,21,,,,"59,024,144",,,,,,,,,,,,,,,,,
,,,,,,,,,,,,,,,,,,,,,,,,
,,,平成21年 1～ 3月,,,,"14,211,969",,,,,,,,,,,,,,,,,
,,,4～ 6,,,,"14,124,355",,,,,,,,,,,,,,,,,
,,,7～ 9,,,,"15,257,144",,,,,,,,,,,,,,,,,
,,,10～12,,,,"15,023,558",,,,,,,,,,,,,,,,,
,,,平成22年 1～ 3月,,,,"14,619,087",,,,,,,,,,,,,,,,,
,,,,,,,,,,,,,,,,,,,,,,,,
,,,平成21年 1月,,,,"4,739,744",,,,,,,,,,,,,,,,,
,,,2,,,,"4,376,842",,,,,,,,,,,,,,,,,
,,,3,,,,"5,095,383",,,,,,,,,,,,,,,,,
,,,4,,,,"4,838,494",,,,,,,,,,,,,,,,,
,,,5,,,,"4,663,800",,,,,,,,,,,,,,,,,
,,,6,,,,"4,622,061",,,,,,,,,,,,,,,,,
,,,7,,,,"4,965,271",,,,,,,,,,,,,,,,,
,,,8,,,,"5,444,153",,,,,,,,,,,,,,,,,
,,,9,,,,"4,847,720",,,,,,,,,,,,,,,,,
,,,10,,,,"4,868,903",,,,,,,,,,,,,,,,,
,,,11,,,,"4,830,818",,,,,,,,,,,,,,,,,
,,,12,,,,"5,323,837",,,,,,,,,,,,,,,,,
,,,平成22年 1月,,,,"4,799,292",,,,,,,,,,,,,,,,,
,,,2,,,,"4,502,819",,,,,,,,,,,,,,,,,
,,,3,,,,"5,316,976",,,,,,,,,,,,,,,,,
,,,,,,,,,,,,,,,,,,,,,,,,
2010,,,,,,,,,,,,,,,,,,,,,,,,
,,,,,,,,,,,,,,,,,,,,,,,,
,,,,,,,,,,,,,,,,,,,,,,,,
,,（３）石油製品国内向月別販売 / Domestic Sales of Petroleum Products by Month,,,,,,,,,,,,,,,,,,,,"（単位：kl、アスファルト以下：ｔ/Unit:kl, from Ashalt onward is Ton)",,
,,,,,,,,,,,,,,,,,,,,,,,"Year, Quarter & Month",
,,年 月,,,,燃料油計,ガソリン,ナフサ,ジェット,灯油,軽油,重油,,,潤滑油,アスファルト,グリース,パラフィン,液化石油ガス,,,液化天然ガス,,
,,,,,,,,,燃料油,,,,Ａ重油,Ｂ・Ｃ重油,,,,,,"P・P, P・B",B・B,,,
,,,,,,Total of Fuel Products,Gasoline,Naphtha,Jet Fuel,Kerosene,Gas Oil,Fuel Oil Total,Fuel Oil A,Fuel Oil B･C,Lubricating Oil,Asphalt,Grease,Paraffin Wax,LPG,,,ＬＮＧ,,
,1,平成,18年,,,"228,938,568","60,840,334","49,647,042","5,431,666","26,322,908","36,778,726","49,917,892","25,278,643","24,639,249","2,061,152","3,319,958","69,466","60,934","16,759,040","11,226,496","5,532,544","61,822,704",C.Y. 2006,1
,2,,19,,,"r219,209,760","r59,805,380","49,309,650","5,829,121","23,006,328","35,937,542","45,321,739","21,676,033","23,645,706","1,944,865","3,384,361","78,382","60,334","16,307,572","10,593,967","5,713,605","71,452,956",C.Y. 2007,2
,3,,20,,,"r207,670,263","r57,246,818","45,329,589","5,760,721","20,972,251","34,246,289","44,114,595","19,093,641","25,020,954","1,888,509","2,835,708","72,048","57,948","16,245,086","11,086,148","5,158,938","72,335,275",C.Y. 2008,3
,4,,21,,,"r193,396,001","r57,447,164","44,485,185","5,336,699","20,104,238","32,246,936","33,775,779","16,207,323","17,568,456","1,586,824","2,801,561","54,529","47,772","r15,081,285","10,017,926","r5,063,359","68,094,798",C.Y. 2009,4
,5,,22,,,"197,208,631","58,367,886","47,384,682","5,432,229","20,239,708","33,057,079","32,727,047","15,625,842","17,101,205","1,756,400","2,752,421","64,927","57,039","14,643,872","10,271,967","4,371,905","75,213,531",C.Y. 2010,5
,,,,,,,,,,,,,,,,,,,,,,,,
,6,平成,21年度,,,"194,988,443","57,463,747","47,320,496","5,282,865","20,056,476","32,388,213","32,476,646","16,042,538","16,434,108","1,680,913","2,872,190","58,279","50,477","15,233,335","10,064,794","5,168,541","70,326,303",F.Y. 2009,6
,7,,22,,,"195,948,401","58,197,046","46,667,669","5,153,558","20,331,942","32,863,787","32,734,399","15,404,081","17,330,318","1,762,495","2,628,277","66,546","58,708","14,505,411","10,332,450","4,172,961","75,654,596",F.Y. 2010,7
,,,,,,,,,,,,,,,,,,,,,,,,
,8,平成,22年,1～ 3月,,"53,583,343","13,764,302","12,661,098","1,342,140","8,634,724","8,196,768","8,984,311","4,853,431","4,130,880","444,784","856,845","15,250","12,256","4,148,083","3,057,095","1,090,988","20,331,987",Q1 2010,8
,9,,,4～ 6,,"44,524,176","13,989,837","10,814,773","1,338,881","3,351,403","7,755,336","7,273,946","3,479,826","3,794,120","434,400","544,033","16,010","14,505","3,615,683","2,516,499","1,099,184","17,098,335",Q2,9
,10,,,7～ 9,,"47,507,075","15,851,440","11,323,469","1,438,641","2,142,501","8,497,659","8,253,365","3,231,730","5,021,635","418,517","605,664","16,531","14,327","3,350,576","2,157,126","1,193,450","19,084,062",Q3,10
,11,,,10～12,,"51,594,037","14,762,307","12,585,342","1,312,567","6,111,080","8,607,316","8,215,425","4,060,855","4,154,570","458,699","745,879","17,136","15,951","3,529,530","2,541,247","988,283","18,699,147",Q4,11
,12,平成,23年,1～ 3月,,"52,323,113","13,593,462","11,944,085","1,063,469","8,726,958","8,003,476","8,991,663","4,631,670","4,359,993","450,879","732,701","16,869","13,925","4,009,622","3,117,578","892,044","20,773,052",Q1 2011,12
,,,,,,,,,,,,,,,,,,,,,,,,
,13,平成,22年,1月,,"18,428,991","4,462,600","4,700,231","377,139","3,221,777","2,556,346","3,110,898","1,613,151","1,497,747","134,285","219,182","4,658","4,517","1,500,937","1,084,765","416,172","6,502,494",Jan. 2010,13
,14,,,2,,"17,318,038","4,317,183","4,068,452","378,520","3,023,580","2,643,778","2,886,525","1,580,262","1,306,263","138,551","267,784","5,059","3,424","1,259,345","953,242","306,103","6,507,244",Feb.,14
,15,,,3,,"17,836,314","4,984,519","3,892,415","586,481","2,389,367","2,996,644","2,986,888","1,660,018","1,326,870","171,948","369,879","5,533","4,315","1,387,801","1,019,088","368,713","7,322,249",Mar.,15
,16,,,4,,"16,048,220","4,768,778","3,725,346","449,773","1,823,309","2,734,501","2,546,513","1,335,104","1,211,409","165,135","172,432","5,553","4,627","1,234,531","913,058","321,473","5,872,585",Apr.,16
,17,,,5,,"14,116,948","4,604,872","3,648,781","370,869","787,874","2,369,114","2,335,438","1,024,464","1,310,974","124,729","175,466","4,856","4,499","1,262,388","829,493","432,895","5,196,553",May,17
,18,,,6,,"14,359,008","4,616,187","3,440,646","518,239","740,220","2,651,721","2,391,995","1,120,258","1,271,737","144,536","196,135","5,601","5,379","1,118,764","773,948","344,816","6,029,197",Jun.,18
,19,,,7,,"15,621,472","5,303,063","3,620,762","458,388","627,849","2,849,478","2,761,932","1,085,748","1,676,184","141,467","194,637","5,609","5,682","1,046,226","666,625","379,601","5,856,382",Jul.,19
,20,,,8,,"16,181,549","5,565,479","3,959,235","480,280","659,506","2,745,903","2,771,146","1,049,907","1,721,239","130,537","206,983","5,251","4,687","1,160,746","775,501","385,245","6,911,390",Aug.,20
,21,,,9,,"15,704,054","4,982,898","3,743,472","499,973","855,146","2,902,278","2,720,287","1,096,075","1,624,212","146,513","204,044","5,671","3,958","1,143,604","715,000","428,604","6,316,290",Sep.,21
,22,,,10,,"15,708,701","4,773,708","4,216,152","433,756","1,130,894","2,699,710","2,454,481","1,134,794","1,319,687","145,623","228,584","5,600","7,336","962,389","643,973","318,416","5,696,985",Oct.,22
,23,,,11,,"16,804,739","4,758,795","4,143,438","441,952","1,935,199","2,888,829","2,636,526","1,324,583","1,311,943","155,820","258,927","5,928","4,265","1,174,157","862,891","311,266","6,386,380",Nov.,23
,24,,,12,,"19,080,597","5,229,804","4,225,752","436,859","3,044,987","3,018,777","3,124,418","1,601,478","1,522,940","157,256","258,368","5,608","4,350","1,392,984","1,034,383","358,601","6,615,782",Dec.,24
,,,,,,,,,,,,,,,,,,,,,,,,
,25,平成,23年,1月,,"18,045,215","4,470,475","4,202,366","353,656","3,360,412","2,560,981","3,097,325","1,561,266","1,536,059","142,112","181,395","5,381","3,836","1,543,214","1,203,641","339,573","6,877,492",Jan. 2011,25
,26,,,2,,"17,419,749","4,367,900","4,052,275","243,510","2,929,098","2,702,857","3,124,109","1,631,446","1,492,663","143,284","261,870","5,625","5,012","1,261,874","942,886","318,988","6,876,345",Feb.,26
,27,,,3,,"16,858,149","4,755,087","3,689,444","466,303","2,437,448","2,739,638","2,770,229","1,438,958","1,331,271","165,483","289,436","5,863","5,077","1,204,534","971,051","233,483","7,019,215",Mar.,27
,,,,,,,,,,,,,,,,,,,,,,,,
,,注： Ｐ・Ｐ＝プロパン・プロピレン、Ｐ・Ｂ＝プロパン・ブタン、プロピレン・ブチレン等プロパン、プロピレンを主成分とするもの。,,,,,,,,,,,,,Note : P・P is Propane・Propylene; P・B is Propane・Butane ; B・B is Butane・Butylene.,,,,,,,,,
,,Ｂ・Ｂ＝ブタン・ブチレンを主成分とするもの。,,,,,,,,,,,,,,,,,,,,,,
,,,,,,,,,,,,,,,,,,,,,,,,
2011,,,,,,,,,,,,,,,,,,,,,,,,
,,（３）石油製品国内向月別販売 / Domestic Sales of Petroleum Products by Month,,,,,,,,,,,,,,,,,,,,"（単位：kl、アスファルト以下：ｔ/Unit:kl, from Ashalt onward is Ton)",,
,,,,,,,,,,,,,,,,,,,,,,,"Year, Quarter & Month",
,,年 月,,,,燃料油計,ガソリン,ナフサ,ジェット,灯油,軽油,重油,,,潤滑油,アスファルト,グリース,パラフィン,液化石油ガス,,,液化天然ガス,,
,,,,,,,,,燃料油,,,,Ａ重油,Ｂ・Ｃ重油,,,,,,"P・P, P・B",B・B,,,
,,,,,,Total of Fuel Products,Gasoline,Naphtha,Jet Fuel,Kerosene,Gas Oil,Fuel Oil Total,Fuel Oil A,Fuel Oil B･C,Lubricating Oil,Asphalt,Grease,Paraffin Wax,LPG,,,ＬＮＧ,,
,1,平成,19年,,,"219,209,760","59,805,380","49,309,650","5,829,121","23,006,328","35,937,542","45,321,739","21,676,033","23,645,706","1,944,865","3,384,361","78,382","60,334","16,307,572","10,593,967","5,713,605","71,452,956",C.Y. 2007,1
,2,,20,,,"207,670,263","57,246,818","45,329,589","5,760,721","20,972,251","34,246,289","44,114,595","19,093,641","25,020,954","1,888,509","2,835,708","72,048","57,948","16,245,086","11,086,148","5,158,938","72,335,275",C.Y. 2008,2
,3,,21,,,"193,396,001","57,447,164","44,485,185","5,336,699","20,104,238","32,246,936","33,775,779","16,207,323","17,568,456","1,586,824","2,801,561","54,529","47,772","15,081,285","10,017,926","5,063,359","68,094,798",C.Y. 2009,3
,4,,22,,,##########,##########,##########,"5,432,229",##########,##########,##########,##########,##########,"1,756,400","2,752,421","64,927","57,039","14,643,872","10,271,967","4,371,905","75,213,531",C.Y. 2010,4
,5,,23,,,"193,055,681","56,864,148","44,646,102","4,306,034","19,375,566","32,657,646","35,206,185","14,626,622","20,579,563","1,710,348","2,492,832","67,235","53,669","15,008,084","10,550,764","4,457,320","76,766,759",C.Y. 2011,5
,,,,,,,,,,,,,,,,,,,,,,,,
,6,平成,22年度,,,"196,018,814","58,159,013","46,698,554","5,152,899","20,348,988","32,891,253","32,768,107","15,425,000","17,343,107","1,762,507","2,625,459","66,546","58,708","14,389,285","10,257,238","4,132,047","73,761,126",F.Y. 2010,6
,7,,23,,,"196,055,036","57,213,802","43,728,337","4,204,424","19,619,075","32,866,190","38,423,208","14,679,965","23,743,243","1,694,714","2,482,088","65,939","50,342","15,878,968","11,045,407","4,833,561","80,970,352",F.Y. 2011,7
,,,,,,,,,,,,,,,,,,,,,,,,
,8,平成,23年,1～ 3月,,"52,395,558","13,555,088","11,975,392","1,062,810","8,745,190","8,032,411","9,024,667","4,651,979","4,372,688","450,891","729,883","16,869","13,925","3,893,496","3,042,366","851,130","18,879,582",Q1 2011,8
,9,,,4～ 6,,"42,032,206","13,448,528","10,133,901","1,044,566","2,605,124","7,707,763","7,092,324","3,035,959","4,056,365","408,040","470,129","16,700","14,519","3,728,199","2,572,708","1,155,491","17,884,035",Q2,9
,10,,,7～ 9,,"46,935,936","15,241,188","11,538,113","1,153,816","1,969,524","8,253,784","8,779,511","3,033,340","5,746,171","415,638","557,237","17,006","12,251","3,417,102","2,096,431","1,320,671","20,169,850",Q3,10
,11,,,10～12,,"51,691,981","14,619,344","10,998,696","1,044,842","6,055,728","8,663,688","10,309,683","3,905,344","6,404,339","435,779","735,583","16,660","12,974","3,969,287","2,839,259","1,130,028","19,833,292",Q4,11
,12,平成,24年,1～ 3月,,"55,394,913","13,904,742","11,057,627","961,200","8,988,699","8,240,955","12,241,690","4,705,322","7,536,368","435,257","719,139","15,573","10,598","4,764,380","3,537,009","1,227,371","23,083,175",Q1 2012,12
,,,,,,,,,,,,,,,,,,,,,,,,
,13,平成,23年,1月,,"18,073,523","4,470,843","4,227,598","353,656","3,362,004","2,560,880","3,098,542","1,561,567","1,536,975","142,112","181,395","5,381","3,836","1,423,869","1,124,409","299,460","6,228,465",Jan. 2011,13
,14,,,2,,"17,432,285","4,368,730","4,058,210","243,510","2,931,583","2,704,814","3,125,438","1,631,495","1,493,943","143,295","261,870","5,625","5,012","1,262,614","943,626","318,988","6,290,415",Feb.,14
,15,,,3,,"16,889,750","4,715,515","3,689,584","465,644","2,451,603","2,766,717","2,800,687","1,458,917","1,341,770","165,484","286,618","5,863","5,077","1,207,013","974,331","232,682","6,360,702",Mar.,15
,16,,,4,,"14,320,467","4,303,641","3,250,348","347,020","1,374,656","2,586,582","2,458,220","1,184,167","1,274,053","137,033","147,136","5,783","5,654","1,444,168","1,060,809","383,359","5,892,863",Apr.,16
,17,,,5,,"13,727,302","4,585,343","3,508,227","252,189","692,580","2,417,235","2,271,728","940,388","1,331,340","121,476","150,148","5,042","3,425","1,239,970","842,165","397,805","5,911,077",May,17
,18,,,6,,"13,984,437","4,559,544","3,375,326","445,357","537,888","2,703,946","2,362,376","911,404","1,450,972","149,531","172,845","5,875","5,440","1,044,061","669,734","374,327","6,080,095",Jun.,18
,19,,,7,,"15,538,783","5,070,902","3,838,239","347,936","611,361","2,786,515","2,883,830","1,148,968","1,734,862","135,832","185,642","5,771","4,520","1,162,187","698,314","463,873","6,165,236",Jul.,19
,20,,,8,,"16,383,603","5,446,556","4,125,196","469,088","554,904","2,725,574","3,062,285","963,933","2,098,352","135,398","173,746","5,313","3,722","1,175,988","728,745","447,243","7,423,172",Aug.,20
,21,,,9,,"15,013,550","4,723,730","3,574,678","336,792","803,259","2,741,695","2,833,396","920,439","1,912,957","144,408","197,849","5,922","4,009","1,078,927","669,372","409,555","6,581,442",Sep.,21
,22,,,10,,"15,807,298","4,707,128","3,505,861","433,123","1,187,149","2,866,062","3,107,975","1,121,764","1,986,211","143,865","240,718","5,767","5,128","1,173,193","779,943","393,250","5,967,073",Oct.,22
,23,,,11,,"16,245,934","4,630,630","3,677,630","294,782","1,635,606","2,800,833","3,206,453","1,221,222","1,985,231","143,831","262,327","5,570","3,927","1,238,207","871,990","366,217","6,786,348",Nov.,23
,24,,,12,,"19,638,749","5,281,586","3,815,205","316,937","3,232,973","2,996,793","3,995,255","1,562,358","2,432,897","148,083","232,538","5,323","3,919","1,557,887","1,187,326","370,561","7,079,871",Dec.,24
,,,,,,,,,,,,,,,,,,,,,,,,
,25,平成,24年,1月,,"18,406,446","4,510,546","3,911,510","292,362","3,243,286","2,470,827","3,977,915","1,543,754","2,434,161","134,235","179,645","4,931","3,181","1,665,313","1,231,172","434,141","7,724,181",Jan. 2012,25
,26,,,2,,"18,701,508","4,529,180","3,545,561","286,051","3,292,801","2,807,367","4,240,548","1,683,573","2,556,975","143,756","234,825","5,294","3,527","1,490,829","1,115,689","375,140","7,592,844",Feb.,26
,27,,,3,,"18,286,959","4,865,016","3,600,556","382,787","2,452,612","2,962,761","4,023,227","1,477,995","2,545,232","157,266","304,669","5,348","3,890","1,608,238","1,190,148","418,090","7,766,150",Mar.,27
,,,,,,,,,,,,,,,,,,,,,,,,
,,注： Ｐ・Ｐ＝プロパン・プロピレン、Ｐ・Ｂ＝プロパン・ブタン、プロピレン・ブチレン等プロパン、プロピレンを主成分とするもの。,,,,,,,,,,,,,Note : P・P is Propane・Propylene; P・B is Propane・Butane ; B・B is Butane・Butylene.,,,,,,,,,
,,Ｂ・Ｂ＝ブタン・ブチレンを主成分とするもの。,,,,,,,,,,,,,,,,,,,,,,
,,,,,,,,,,,,,,,,,,,,,,,,
2012,,,,,,,,,,,,,,,,,,,,,,,,
,,（３）石油製品国内向月別販売 / Domestic Sales of Petroleum Products by Month,,,,,,,,,,,,,,,,,,,,"（単位：kl、アスファルト以下：ｔ/Unit:kl, from Ashalt onward is Ton)",,
,,,,,,,,,,,,,,,,,,,,,,,"Year, Quarter & Month",
,,年 月,,,,燃料油計,ガソリン,ナフサ,ジェット,灯油,軽油,重油,,,潤滑油,アスファルト,グリース,パラフィン,液化石油ガス,,,液化天然ガス,,
,,,,,,,,,燃料油,,,,Ａ重油,Ｂ・Ｃ重油,,,,,,"P・P, P・B",B・B,,,
,,,,,,Total of Fuel Products,Gasoline,Naphtha,Jet Fuel,Kerosene,Gas Oil,Fuel Oil Total,Fuel Oil A,Fuel Oil B･C,Lubricating Oil,Asphalt,Grease,Paraffin Wax,LPG,,,ＬＮＧ,,
,1,平成,20年,,,"207,670,263","57,246,818","45,329,589","5,760,721","20,972,251","34,246,289","44,114,595","19,093,641","25,020,954","1,888,509","2,835,708","72,048","57,948","16,245,086","11,086,148","5,158,938","72,335,275",C.Y. 2008,1
,2,,21,,,"193,396,001","57,447,164","44,485,185","5,336,699","20,104,238","32,246,936","33,775,779","16,207,323","17,568,456","1,586,824","2,801,561","54,529","47,772","15,081,285","10,017,926","5,063,359","68,094,798",C.Y. 2009,2
,3,,22,,,"197,248,777","58,379,483","47,394,311","5,432,229","20,248,351","33,063,802","32,730,601","15,628,720","17,101,881","1,756,400","2,752,421","64,927","57,039","14,643,872","10,271,967","4,371,905","75,213,531",C.Y. 2010,3
,4,,23,,,"193,055,681","56,864,148","44,646,102","4,306,034","19,375,566","32,657,646","35,206,185","14,626,622","20,579,563","1,710,348","r 2,497,796","67,235","53,669","15,008,084","10,550,764","4,457,320","76,766,759",C.Y. 2011,4
,5,,24,,,"199,821,991","57,094,189","42,822,355","3,965,013","19,939,464","33,401,662","42,599,308","14,299,344","28,299,964","1,594,020","2,473,343","61,822","45,355","16,111,080","11,277,119","4,833,961","84,735,635",C.Y. 2012,5
,,,,,,,,,,,,,,,,,,,,,,,,
,6,平成,23年度,,,"196,043,987","57,208,799","43,718,357","4,198,824","19,622,933","32,871,728","38,423,346","14,679,936","23,743,410","1,694,714","2,488,096","65,939","50,342","15,878,972","11,045,408","4,833,564","80,970,339",F.Y. 2011,6
,7,,24,,,"197,519,545","56,447,408","43,171,929","3,964,950","18,991,302","33,442,999","41,500,957","13,759,057","27,741,900","1,527,266","2,366,543","60,452","45,411","15,846,975","11,097,697","4,749,278","84,796,578",F.Y. 2012,7
,,,,,,,,,,,,,,,,,,,,,,,,
,8,平成,24年,1～ 3月,,"55,383,864","13,899,739","11,047,647","955,600","8,992,557","8,246,493","12,241,828","4,705,293","7,536,535","435,257","720,183","15,573","10,598","4,764,384","3,537,010","1,227,374","23,083,162",Q1 2012,8
,9,,,4～ 6,,"44,355,343","13,480,072","10,038,101","930,710","2,446,492","7,890,507","9,569,461","2,959,397","6,610,064","399,399","482,286","15,737","12,998","3,707,631","2,520,646","1,186,985","20,203,087",Q2,9
,10,,,7～ 9,,"47,786,334","15,181,511","10,689,780","1,110,914","2,038,117","8,462,269","10,303,743","2,949,775","7,353,968","394,778","618,717","15,414","11,201","3,715,782","2,370,198","1,345,584","21,305,863",Q3,10
,11,,,10～12,,"52,296,450","14,532,867","11,046,827","967,789","6,462,298","8,802,393","10,484,276","3,684,879","6,799,397","364,586","652,157","15,098","10,558","3,923,283","2,849,265","1,074,018","20,143,523",Q4,11
,12,平成,25年,1～ 3月,,"53,081,418","13,252,958","11,397,221","955,537","8,044,395","8,287,830","11,143,477","4,165,006","6,978,471","368,503","613,383","14,203","10,654","4,500,279","3,357,588","1,142,691","23,144,105",Q1 2013,12
,,,,,,,,,,,,,,,,,,,,,,,,
,13,平成,24年,1月,,"18,411,898","4,505,543","3,911,510","292,362","3,248,289","2,476,317","3,977,877","1,543,755","2,434,122","134,235","180,689","4,931","3,181","1,665,313","1,231,172","434,141","7,724,171",Jan. 2012,13
,14,,,2,,"18,701,714","4,529,180","3,545,561","286,051","3,292,801","2,807,367","4,240,754","1,683,573","2,557,181","143,756","234,825","5,294","3,527","1,490,829","1,115,689","375,140","7,592,841",Feb.,14
,15,,,3,,"18,270,252","4,865,016","3,590,576","377,187","2,451,467","2,962,809","4,023,197","1,477,965","2,545,232","157,266","304,669","5,348","3,890","1,608,242","1,190,149","418,093","7,766,150",Mar.,15
,16,,,4,,"15,015,846","4,468,243","3,221,644","244,491","1,246,480","2,534,159","3,300,829","1,026,007","2,274,822","140,743","157,553","5,317","4,638","1,232,478","893,388","339,090","6,878,885",Apr.,16
,17,,,5,,"15,010,981","4,576,575","3,550,291","366,691","610,923","2,674,288","3,232,213","984,392","2,247,821","124,110","159,296","5,098","3,710","1,329,902","889,122","440,780","6,890,352",May,17
,18,,,6,,"14,328,516","4,435,254","3,266,166","319,528","589,089","2,682,060","3,036,419","948,998","2,087,421","134,546","165,437","5,322","4,650","1,145,251","738,136","407,115","6,433,850",Jun.,18
,19,,,7,,"15,797,028","4,996,759","3,540,418","350,624","659,490","2,857,947","3,391,790","1,021,148","2,370,642","124,038","209,198","5,393","3,931","1,352,601","860,059","492,542","7,063,381",Jul.,19
,20,,,8,,"16,730,311","5,434,358","3,791,051","357,959","716,309","2,873,561","3,557,073","993,895","2,563,178","135,136","205,043","5,062","3,985","1,197,241","769,865","427,376","7,298,234",Aug.,20
,21,,,9,,"15,258,995","4,750,394","3,358,311","402,331","662,318","2,730,761","3,354,880","934,732","2,420,148","135,604","204,476","4,959","3,285","1,165,940","740,274","425,666","6,944,248",Sep.,21
,22,,,10,,"15,785,213","4,769,435","3,483,541","381,657","1,062,213","2,898,537","3,189,830","974,212","2,215,618","123,996","215,214","5,233","4,205","1,176,820","811,227","365,593","6,436,398",Oct.,22
,23,,,11,,"16,571,693","4,602,041","3,643,252","270,994","2,015,878","2,810,950","3,228,578","1,207,278","2,021,300","119,818","224,357","4,993","3,529","1,217,719","856,457","361,262","6,587,878",Nov.,23
,24,,,12,,"19,939,544","5,161,391","3,920,034","315,138","3,384,207","3,092,906","4,065,868","1,503,389","2,562,479","120,772","212,586","4,872","2,824","1,528,744","1,181,581","347,163","7,119,247",Dec.,24
,,,,,,,,,,,,,,,,,,,,,,,,
,25,平成,25年,1月,,"18,606,252","4,380,914","4,026,480","292,574","3,283,475","2,542,865","4,079,944","1,469,971","2,609,973","119,670","162,288","4,581","2,973","1,580,654","1,207,712","372,942","8,023,493",Jan. 2013,25
,26,,,2,,"17,389,803","4,226,880","3,545,515","249,450","2,857,673","2,781,435","3,728,850","1,409,414","2,319,436","109,370","204,065","4,786","3,821","1,448,053","1,114,761","333,292","7,433,532",Feb.,26
,27,,,3,,"17,085,363","4,645,164","3,825,226","413,513","1,903,247","2,963,530","3,334,683","1,285,621","2,049,062","139,463","247,030","4,836","3,860","1,471,572","1,035,115","436,457","7,687,080",Mar.,27
,,,,,,,,,,,,,,,,,,,,,,,,
,,注： Ｐ・Ｐ＝プロパン・プロピレン、Ｐ・Ｂ＝プロパン・ブタン、プロピレン・ブチレン等プロパン、プロピレンを主成分とするもの。,,,,,,,,,,,,,Note : P・P is Propane・Propylene; P・B is Propane・Butane ; B・B is Butane・Butylene.,,,,,,,,,
,,Ｂ・Ｂ＝ブタン・ブチレンを主成分とするもの。,,,,,,,,,,,,,,,,,,,,,,
,,,,,,,,,,,,,,,,,,,,,,,,
,,,,,,,,,,,,,,,,,,,,,,,,
2013,,,,,,,,,,,,,,,,,,,,,,,,
,,,,,,,,,,,,,,,,,,,,,,,,
,,,,,,,,,,,,,,,,,,,,,,,,
,,,,,,,,,,,,,,,,,,,,,,,,
,,（３）石油製品国内向月別販売 / Domestic Sales of Petroleum Products by Month,,,,,,,,,,,,,,,,,,,,"（単位：kl、アスファルト以下：ｔ/Unit:kl, from Ashalt onward is Ton)",,
,,,,,,,,,,,,,,,,,,,,,,,"Year, Quarter & Month",
,,年 月,,,,燃料油計,ガソリン,ナフサ,ジェット,灯油,軽油,重油,,,潤滑油,アスファルト,グリース,パラフィン,液化石油ガス,,,液化天然ガス,,
,,,,,,,,,燃料油,,,,Ａ重油,Ｂ・Ｃ重油,,,,,,"P・P, P・B",B・B,,,
,,,,,,Total of Fuel Products,Gasoline,Naphtha,Jet Fuel,Kerosene,Gas Oil,Fuel Oil Total,Fuel Oil A,Fuel Oil B･C,Lubricating Oil,Asphalt,Grease,Paraffin Wax,LPG,,,ＬＮＧ,,
,1,平成,21年,,,"193,396,001","57,447,164","44,485,185","5,336,699","20,104,238","32,246,936","33,775,779","16,207,323","17,568,456","1,586,824","2,801,561","54,529","47,772","15,081,285","10,017,926","5,063,359","68,094,798",C.Y. 2009,1
,2,,22,,,"197,248,777","58,379,483","47,394,311","5,432,229","20,248,351","33,063,802","32,730,601","15,628,720","17,101,881","1,756,400","2,752,421","64,927","57,039","14,643,872","10,271,967","4,371,905","75,213,531",C.Y. 2010,2
,3,,23,,,###########,"56,864,148","44,646,102","4,306,034","19,375,566","32,657,646",##########,"14,626,622",##########,"1,710,348","2,497,796","67,235","53,669","15,008,084","10,550,764","4,457,320","76,766,759",C.Y. 2011,3
,4,,24,,,###########,"57,094,189","42,822,355","3,965,013","19,939,464","33,401,662",##########,"14,299,344",##########,"1,594,020","2,473,343","61,822","45,355","16,111,080","11,277,119","4,833,961","84,735,635",C.Y. 2012,4
,5,,25,,,"193,195,970","55,234,424","45,335,920","4,874,458","18,010,194","33,753,278","35,987,696","13,428,254","22,559,442","1,539,421","2,158,899","59,997","43,981","15,232,645","10,596,121","4,636,524","84,696,195",C.Y. 2013,5
,,,,,,,,,,,,,,,,,,,,,,,,
,6,平成,24度,,,"197,770,051","56,206,607","43,171,929","3,974,412","18,884,270","33,391,348","42,141,485","13,759,092","28,382,393","1,538,065","2,366,543","60,471","45,411","15,846,975","11,097,697","4,749,278","84,796,578",F.Y. 2012,6
,7,,25,,,"193,520,014","55,418,828","45,747,778","5,052,512","17,893,887","34,079,186","35,327,823","13,437,903","21,889,920","1,530,994","2,150,598","61,636","45,984","14,927,204","10,462,178","4,465,026","83,926,657",F.Y. 2013,7
,,,,,,,,,,,,,,,,,,,,,,,,
,8,平成,25年,1～ 3月,,"52,905,487","13,012,157","11,397,221","964,999","7,937,363","8,236,179","11,357,568","4,165,041","7,192,527","379,302","613,383","14,222","10,654","4,500,279","3,357,588","1,142,691","23,144,105",Q1 2013,8
,9,,,4～ 6,,"42,772,895","13,355,338","10,441,602","1,094,921","2,489,400","8,053,987","7,337,647","2,812,474","4,525,173","354,537","446,972","15,180","10,938","3,534,533","2,385,965","1,148,568","19,182,436",Q2,9
,10,,,7～ 9,,"46,333,526","14,849,870","11,279,045","1,663,023","1,754,176","8,491,141","8,296,271","2,856,011","5,440,260","398,324","511,849","15,255","9,977","3,353,457","2,048,698","1,304,759","20,532,759",Q3,10
,11,,,10～12,,"51,184,062","14,017,059","12,218,052","1,151,515","5,829,255","8,971,971","8,996,210","3,594,728","5,401,482","407,258","586,695","15,340","12,412","3,844,376","2,803,870","1,040,506","21,836,895",Q4,11
,12,平成,26年,1～ 3月,,"53,229,531","13,196,561","11,809,079","1,143,053","7,821,056","8,562,087","10,697,695","4,174,690","6,523,005","370,875","605,082","15,861","12,657","4,194,838","3,223,645","971,193","22,374,567",Q1 2014,12
,,,,,,,,,,,,,,,,,,,,,,,,
,13,平成,25年,1月,,"18,522,963","4,287,763","4,026,480","295,732","3,238,848","2,522,369","4,151,771","1,469,971","2,681,800","123,046","162,288","4,581","2,973","1,580,654","1,207,712","372,942","8,023,493",Jan. 2013,13
,14,,,2,,"17,336,431","4,161,006","3,545,515","252,463","2,814,693","2,770,999","3,791,755","1,409,414","2,382,341","112,698","204,065","4,794","3,821","1,448,053","1,114,761","333,292","7,433,532",Feb.,14
,15,,,3,,"17,046,093","4,563,388","3,825,226","416,804","1,883,822","2,942,811","3,414,042","1,285,656","2,128,386","143,558","247,030","4,847","3,860","1,471,572","1,035,115","436,457","7,687,080",Mar.,15
,16,,,4,,"14,813,948","4,423,790","3,649,327","322,819","1,175,771","2,667,189","2,575,052","1,000,339","1,574,713","134,896","132,177","5,086","3,367","1,300,316","882,924","417,392","6,841,252",Apr.,16
,17,,,5,,"14,262,883","4,535,342","3,439,978","354,183","805,858","2,707,532","2,419,990","966,298","1,453,692","100,180","156,200","5,048","3,903","1,212,692","828,281","384,411","6,150,966",May,17
,18,,,6,,"13,696,064","4,396,206","3,352,297","417,919","507,771","2,679,266","2,342,605","845,837","1,496,768","119,461","158,595","5,046","3,668","1,021,525","674,760","346,765","6,190,218",Jun.,18
,19,,,7,,"15,804,542","5,001,523","3,787,320","538,648","570,482","2,972,369","2,934,200","992,035","1,942,165","141,415","163,025","5,285","4,188","1,212,440","746,034","466,406","7,060,807",Jul.,19
,20,,,8,,"15,849,904","5,322,014","3,845,095","530,685","521,005","2,801,769","2,829,336","885,864","1,943,472","117,714","172,044","4,823","2,708","1,126,850","678,688","448,162","7,110,153",Aug.,20
,21,,,9,,"14,679,080","4,526,333","3,646,630","593,690","662,689","2,717,003","2,532,735","978,112","1,554,623","139,195","176,780","5,147","3,081","1,014,167","623,976","390,191","6,361,799",Sep.,21
,22,,,10,,"15,289,312","4,512,745","3,787,174","422,159","1,034,031","2,979,274","2,553,929","954,865","1,599,064","139,880","174,767","5,370","4,323","1,099,704","786,199","313,505","7,175,098",Oct.,22
,23,,,11,,"16,874,757","4,571,305","4,096,114","351,892","1,933,096","2,997,058","2,925,292","1,190,706","1,734,586","126,428","201,323","4,944","3,782","1,270,327","879,471","390,856","6,883,558",Nov.,23
,24,,,12,,"19,019,993","4,933,009","4,334,764","377,464","2,862,128","2,995,639","3,516,989","1,449,157","2,067,832","140,950","210,605","5,026","4,307","1,474,345","1,138,200","336,145","7,778,239",Dec.,24
,,,,,,,,,,,,,,,,,,,,,,,,
,25,平成,26年,1月,,"18,163,764","4,303,852","4,347,331","374,883","2,853,791","2,620,930","3,662,977","1,349,405","2,313,572","119,382","171,211","5,017","4,816","1,414,842","1,087,799","327,043","7,562,109",Jan. 2014,25
,26,,,2,,"17,207,082","3,940,820","3,909,695","256,229","2,787,693","2,698,977","3,613,668","1,438,159","2,175,509","104,824","181,390","5,073","3,445","1,408,528","1,075,198","333,330","7,266,241",Feb.,26
,27,,,3,,"17,858,685","4,951,889","3,552,053","511,941","2,179,572","3,242,180","3,421,050","1,387,126","2,033,924","146,669","252,481","5,771","4,396","1,371,468","1,060,648","310,820","7,546,217",Mar.,27
,,,,,,,,,,,,,,,,,,,,,,,,
,,注： Ｐ・Ｐ＝プロパン・プロピレン、Ｐ・Ｂ＝プロパン・ブタン、プロピレン・ブチレン等プロパン、プロピレンを主成分とするもの。,,,,,,,,,,,,,Note : P・P is Propane・Propylene; P・B is Propane・Butane ; B・B is Butane・Butylene.,,,,,,,,,
,,Ｂ・Ｂ＝ブタン・ブチレンを主成分とするもの。,,,,,,,,,,,,,,,,,,,,,,